Genes signfiicantly upregulated in warm acclimated flies by more than 20-fold,,,,,,,
FlyBase ID,Gene symbol,Gene name,Warm (FPKM),Cold (FPKM),Fold change,P-value,Q-value
FBgn0035667,Jon65Ai,Jonah 65Ai,78.10,0.52,149.7,0.0001,0.0002
FBgn0031654,Jon25Bii,Jonah 25Bii,83.05,0.65,127.4,0.0001,0.0002
FBgn0031034,CG14205,Dmel_CG14205,8.50,0.08,102.6,0.0005,0.0021
FBgn0003358,Jon99Ci,Jonah 99Ci,314.98,3.32,94.8,0.0001,0.0002
FBgn0037782,Npc2d,Dmel_CG12813,60.32,0.65,92.5,0.0001,0.0002
FBgn0030827,CG18258,Dmel_CG18258,70.62,0.84,84.5,0.0001,0.0002
FBgn0003356,Jon99Cii,Jonah 99Cii,85.17,1.07,79.4,0.0001,0.0002
FBgn0028853,CG15263,Dmel_CG15263,16.24,0.21,77.6,0.0026,0.0091
FBgn0020906,Jon25Bi,Jonah 25Bi,105.48,1.43,73.8,0.0001,0.0002
FBgn0039313,CG11892,Dmel_CG11892,355.84,4.99,71.3,0.0001,0.0002
FBgn0043791,CG8147,Alkaline phosphatase,10.26,0.17,60.0,0.0001,0.0002
FBgn0038914,fit,female-specific independent of transformer,14.30,0.27,52.8,0.0025,0.0088
FBgn0035666,Jon65Aii,Jonah 65Aii,52.40,1.07,49.0,0.0001,0.0002
FBgn0003356,Jon99Ciii,Jonah 99Ciii,111.58,2.53,44.2,0.0001,0.0002
FBgn0034052,CG8299,Dmel_CG8299,13.62,0.33,41.2,0.0003,0.0011
FBgn0036022,CG8329,Dmel_CG8329,128.80,3.13,41.1,0.0019,0.0067
FBgn0263748,CG43673,Dmel_CG43673,56.38,1.39,40.4,0.0001,0.0002
FBgn0032285,CG17108,Dmel_CG17108,137.20,3.58,38.3,0.0001,0.0002
FBgn0051091,CG31091,Dmel_CG31091,10.12,0.27,37.5,0.0001,0.0002
FBgn0035620,CG5150,Dmel_CG5150,52.88,1.47,36.1,0.0001,0.0002
FBgn0011555,thetaTry,thetaTrypsin,105.12,3.03,34.7,0.0001,0.0002
FBgn0264991,CG44142,Dmel_CG44142,35.35,1.14,30.9,0.0003,0.0013
FBgn0050272,CG30272,Dmel_CG30272,6.56,0.21,30.6,0.0001,0.0002
FBgn0033774,CG12374,Dmel_CG12374,1718.87,57.42,29.9,0.0001,0.0002
FBgn0039342,CG5107,Dmel_CG5107,786.96,29.20,26.9,0.0001,0.0002
FBgn0035619,CG10592,Dmel_CG10592,57.91,2.24,25.8,0.0001,0.0002
FBgn0031305,Iris,Dmel_CG4715,31.27,1.24,25.2,0.0001,0.0002
FBgn0051493,CG31493,Dmel_CG31493,18.03,0.74,24.3,0.0001,0.0002
FBgn0028583,lcs,la costa,1346.55,57.96,23.2,0.0001,0.0002
FBgn0250815,Jon65Aiv,Jonah 65Aiv,860.18,38.17,22.5,0.0001,0.0002
FBgn0031925,Cyp4d21,Probable cytochrome P450 4d21,80.39,3.68,21.8,0.0001,0.0002
FBgn0036262,CG6910,Dmel_CG6910,277.93,13.70,20.3,0.0001,0.0002
,,,,,,,
,,,,,,,
Genes signfiicantly upregulated in warm acclimated flies by 5-20-fold,,,,,,,
FlyBase ID,Gene symbol,Gene name,Warm (FPKM),Cold (FPKM),Fold change,P-value,Q-value
FBgn0039703,CG7829,Dmel_CG7829,14.25,0.74,19.2,0.0001,0.0002
FBgn0067311,CheB38b,Dmel_CG33321,14.22,0.76,18.8,0.0001,0.0002
FBgn0261362,PPO1,Prophenoloxidase 1,8.49,0.46,18.4,0.0007,0.0026
FBgn0039312,CG10514,Dmel_CG10514,130.21,7.27,17.9,0.0001,0.0002
FBgn0035434,Drsl5,Drosomycin-like 5,223.18,12.57,17.7,0.0001,0.0002
"FBgn0030773,FBgn0030774","CG9676,spheroide","Dmel_CG9676,spheroide",61.10,3.80,16.1,0.0001,0.0002
FBgn0052750,CG32750,Vanin-like protein 3,5.12,0.32,16.0,0.0001,0.0002
FBgn0053290,CG33290,Dmel_CG33290,86.36,5.69,15.2,0.0001,0.0002
FBgn0087002,Rfabg,Retinoid- and fatty acid-binding glycoprotein,234.91,15.56,15.1,0.0001,0.0002
FBgn0040342,CG3706,Dmel_CG3706,4.09,0.27,15.1,0.0001,0.0002
FBgn0032286,CG7300,Dmel_CG7300,6.75,0.45,14.9,0.0002,0.0007
FBgn0031182,Cyp6t1,Probable cytochrome P450 6t1,12.23,0.83,14.8,0.0001,0.0002
FBgn0030837,CG8661,Dmel_CG8661,65.68,4.44,14.8,0.0001,0.0002
FBgn0025878,wrapper,Dmel_CG10382,4.13,0.29,14.3,0.0001,0.0002
FBgn0035875,Cpr66Cb,Cuticular protein 66Cb,6.82,0.49,14.0,0.0001,0.0002
FBgn0035042,CG3640,Dmel_CG3640,73.25,5.23,14.0,0.0001,0.0002
FBgn0051463,CG31463,Dmel_CG31463,10.07,0.72,14.0,0.0001,0.0002
FBgn0052282,Drsl4,Drosomycin-like 4,128.57,9.32,13.8,0.0001,0.0002
FBgn0025455,"CycT,Jon74E",Cyclin T,408.45,29.69,13.8,0.0001,0.0002
FBgn0263094,CG43362,Dmel_CG43362,25.19,1.85,13.6,0.0002,0.0009
FBgn0262580,CG43120,Dmel_CG43120,13.62,1.01,13.5,0.0001,0.0002
FBgn0011556,zetaTry,zetaTrypsin,27.20,2.07,13.2,0.0001,0.0002
FBgn0038398,sxe2,sex-specific enzyme 2,32.53,2.48,13.1,0.0010,0.0037
FBgn0262622,CG43146,Dmel_CG43146,32.51,2.52,12.9,0.0004,0.0017
FBgn0038074,CG6188,Dmel_CG6188,166.10,13.15,12.6,0.0001,0.0002
FBgn0259954,CG42464,Dmel_CG42464,25.56,2.03,12.6,0.0003,0.0011
FBgn0040609,CG3348,Dmel_CG3348,37.63,3.19,11.8,0.0001,0.0002
FBgn0040993,CG17325,Dmel_CG17325,253.83,22.20,11.4,0.0001,0.0002
FBgn0260396,CG42521,Dmel_CG42521,52.91,4.74,11.2,0.0001,0.0002
FBgn0004425,LysB,Lysozyme B,24.93,2.24,11.1,0.0027,0.0094
FBgn0037323,CG2663,Dmel_CG2663,17.69,1.62,10.9,0.0001,0.0002
FBgn0262825,CG43196,Dmel_CG43196,39.75,3.65,10.9,0.0001,0.0002
FBgn0033593,Listericin,Listericin,15.30,1.42,10.8,0.0001,0.0002
FBgn0038506,CG5860,Dmel_CG5860,6.11,0.57,10.6,0.0001,0.0002
FBgn0039151,CG13607,Dmel_CG13607,37.38,3.51,10.6,0.0001,0.0002
FBgn0031176,CG1678,Dmel_CG1678,3286.21,312.40,10.5,0.0001,0.0002
FBgn0028945,CG7631,Dmel_CG7631,7.38,0.71,10.4,0.0001,0.0002
FBgn0032144,CG17633,Zinc carboxypeptidase A 1,166.73,16.23,10.3,0.0001,0.0002
FBgn0259229,CG42329,Dmel_CG42329,3.02,0.29,10.2,0.0001,0.0002
FBgn0040959,Peritrophin-15a,Dmel_CG17814,52.28,5.13,10.2,0.0001,0.0002
FBgn0034711,CG3290,Alkaline phosphatase,61.66,6.07,10.2,0.0001,0.0002
FBgn0031033,CG14219,Dmel_CG14219,2.54,0.25,10.1,0.0001,0.0002
FBgn0010357,betaTry,betaTrypsin,1203.51,121.44,9.9,0.0001,0.0002
FBgn0043792,CG30427,Dmel_CG30427,59.59,6.03,9.9,0.0001,0.0002
FBgn0259998,CG17571,Dmel_CG17571,59.16,5.99,9.9,0.0001,0.0002
FBgn0051259,CG31259,Dmel_CG31259,5.24,0.53,9.8,0.0001,0.0002
FBgn0040629,CG18673,Dmel_CG18673,7.60,0.78,9.8,0.0001,0.0002
FBgn0261638,CR42721,Dmel_CR42721,3.76,0.40,9.5,0.0023,0.0082
FBgn0035282,CG13936,Dmel_CG13936,2.46,0.26,9.4,0.0001,0.0002
FBgn0036381,CG8745,Alanine--glyoxylate aminotransferase 2-like,49.11,5.28,9.3,0.0001,0.0002
FBgn0015039,Cyp9b2,Cytochrome P450-9b2,123.92,13.42,9.2,0.0001,0.0002
FBgn0038484,CG5246,Dmel_CG5246,17.20,1.89,9.1,0.0001,0.0002
FBgn0039471,CG6295,Dmel_CG6295,275.65,30.33,9.1,0.0001,0.0002
FBgn0036264,CG11529,Dmel_CG11529,6.91,0.76,9.1,0.0001,0.0002
FBgn0036996,mag,magro,128.15,14.46,8.9,0.0001,0.0002
FBgn0053109,CG33109,Dmel_CG33109,102.01,11.72,8.7,0.0001,0.0002
FBgn0039154,Npc2f,Dmel_CG6164,33.28,3.84,8.7,0.0001,0.0002
FBgn0031277,CG13947,Dmel_CG13947,33.98,3.93,8.7,0.0001,0.0002
FBgn0039769,CG15534,Dmel_CG15534,18.84,2.20,8.6,0.0001,0.0002
FBgn0034470,Obp56d,Odorant-binding protein 56d,244.57,28.58,8.6,0.0001,0.0002
FBgn0033065,Cyp6w1,Probable cytochrome P450 6w1,94.91,11.12,8.5,0.0001,0.0002
FBgn0035665,Jon65Aiii,Jonah 65Aiii,1203.69,142.18,8.5,0.0001,0.0002
FBgn0039298,to,takeout,90.64,10.89,8.3,0.0001,0.0002
"FBgn0264603,FBgn0040060","CG43952,yip7","Dmel_CG43952,yippee interacting protein 7",1141.01,137.22,8.3,0.0001,0.0002
FBgn0054026,CG34026,Dmel_CG34026,179.82,22.05,8.2,0.0001,0.0002
"FBgn0031653,FBgn0031652","Jon25Biii,jet","Jonah 25Biii,jetlag",245.10,30.20,8.1,0.0001,0.0002
FBgn0034475,Obp56h,Odorant-binding protein 56h,14.76,1.85,8.0,0.0001,0.0002
"FBgn0028534,FBgn0028533","CG7916,CG7953","Dmel_CG7916,Dmel_CG7953",444.52,56.13,7.9,0.0001,0.0002
FBgn0033234,CG8791,Dmel_CG8791,12.05,1.53,7.9,0.0001,0.0002
FBgn0040502,CG8343,Dmel_CG8343,189.58,24.20,7.8,0.0001,0.0002
FBgn0032505,CG16826,Dmel_CG16826,1906.39,243.60,7.8,0.0001,0.0002
FBgn0033792,CG13325,Dmel_CG13325,8.97,1.15,7.8,0.0001,0.0002
FBgn0004427,LysD,Lysozyme D; Lysozyme C,73.00,9.41,7.8,0.0001,0.0002
FBgn0005670,Cyp4d1,Cytochrome P450-4d1,6.82,0.89,7.7,0.0001,0.0002
FBgn0083936,Acp54A1,Dmel_CG34098,1157.56,150.61,7.7,0.0001,0.0002
FBgn0031140,Npc1b,Dmel_CG12092,6.22,0.82,7.6,0.0001,0.0002
FBgn0039778,Jon99Fi,Jonah 99Fi,47.64,6.34,7.5,0.0001,0.0002
FBgn0035656,CG10479,Dmel_CG10479,27.02,3.64,7.4,0.0001,0.0002
FBgn0016123,Aph-4,Alkaline phosphatase 4,86.50,11.69,7.4,0.0001,0.0002
FBgn0085319,CG34290,Dmel_CG34290,4.08,0.55,7.3,0.0007,0.0028
FBgn0015010,Ag5r,Antigen 5-related,180.19,24.80,7.3,0.0001,0.0002
FBgn0027571,CG3523,Dmel_CG3523,261.76,36.35,7.2,0.0001,0.0002
FBgn0032809,CG13078,Dmel_CG13078,3.56,0.50,7.2,0.0001,0.0005
FBgn0264911,CG44102,Dmel_CG44102,13.26,1.85,7.2,0.0001,0.0002
FBgn0017561,Ork1,Open rectifier K[+] channel 1,5.04,0.71,7.2,0.0001,0.0002
FBgn0038631,CG7695,Dmel_CG7695,143.63,20.45,7.0,0.0001,0.0002
FBgn0037204,CG11131,Dmel_CG11131,4.31,0.62,7.0,0.0001,0.0002
FBgn0030098,CG12057,Dmel_CG12057,90.36,12.95,7.0,0.0001,0.0002
FBgn0038718,CG17752,Dmel_CG17752,97.44,14.02,7.0,0.0001,0.0002
FBgn0263410,CR43456,Dmel_CR43456,20.20,2.93,6.9,0.0001,0.0002
FBgn0264699,CG43968,CG43968,2.37,0.34,6.9,0.0001,0.0002
FBgn0039768,CG15533,Dmel_CG15533,5.93,0.88,6.7,0.0001,0.0002
FBgn0083990,sphinx,Dmel_CR34154,2.83,0.42,6.7,0.0021,0.0074
FBgn0035718,CG14820,Dmel_CG14820,11.43,1.71,6.7,0.0001,0.0002
FBgn0035941,CG13313,Dmel_CG13313,3.00,0.46,6.6,0.0001,0.0002
FBgn0264352,CR43808,Dmel_CR43808,5.43,0.83,6.6,0.0001,0.0002
FBgn0085249,CG34220,Dmel_CG34220,1563.89,238.54,6.6,0.0001,0.0002
FBgn0038946,rdhB,retinol dehydrogenase B,27.33,4.19,6.5,0.0001,0.0002
FBgn0051233,CG31233,Dmel_CG31233,114.76,17.93,6.4,0.0001,0.0002
FBgn0042627,v(2)k05816,Dmel_CG3524,112.55,17.62,6.4,0.0001,0.0002
FBgn0034318,CG14500,Dmel_CG14500,84.15,13.18,6.4,0.0001,0.0002
FBgn0040256,Ugt86Dd,Dmel_CG6633,159.94,25.06,6.4,0.0001,0.0002
FBgn0031865,Nha1,Dmel_CG10806,19.65,3.12,6.3,0.0001,0.0002
FBgn0262962,CG43273,Dmel_CG43273,5.56,0.88,6.3,0.0001,0.0005
FBgn0039073,CG4408,Dmel_CG4408,5.78,0.92,6.3,0.0001,0.0002
"FBgn0032669,FBgn0032670","CG15155,CG5783","Dmel_CG15155,Dmel_CG5783",112.63,18.12,6.2,0.0001,0.0002
"FBgn0033461,FBgn0050008","CG12923,CG30008","Dmel_CG12923,Dmel_CG30008",698.62,112.57,6.2,0.0001,0.0002
FBgn0051438,CheB93b,Dmel_CG31438,5.76,0.93,6.2,0.0001,0.0002
FBgn0002571,Mal-A3,Maltase A3,23.18,3.75,6.2,0.0001,0.0002
FBgn0029769,CG3239,Dmel_CG3239,16.94,2.74,6.2,0.0001,0.0002
FBgn0030999,Mur18B,Dmel_CG7874,379.81,61.60,6.2,0.0001,0.0002
FBgn0039315,CG13658,Dmel_CG13658,6.10,0.99,6.2,0.0001,0.0002
FBgn0028944,CG11864,Dmel_CG11864,19.04,3.10,6.1,0.0001,0.0002
FBgn0035154,CG3344,Dmel_CG3344,49.27,8.06,6.1,0.0001,0.0002
"FBgn0085241,FBgn0264961","CG34212,CR44130","Dmel_CG34212,Dmel_CR44130",1177.66,193.15,6.1,0.0001,0.0002
FBgn0029167,Hml,Hemolectin,6.42,1.06,6.1,0.0001,0.0002
FBgn0040398,CG14629,Dmel_CG14629,140.06,23.24,6.0,0.0001,0.0002
FBgn0033541,CG12934,Dmel_CG12934,5.01,0.83,6.0,0.0001,0.0002
FBgn0052483,CG32483,Dmel_CG32483,12.55,2.09,6.0,0.0001,0.0002
"FBgn0031610,FBgn0031611","CG15436,CG17840","Dmel_CG15436,Dmel_CG17840",8.17,1.36,6.0,0.0001,0.0002
FBgn0037292,CG2022,Dmel_CG2022,137.76,23.04,6.0,0.0001,0.0002
FBgn0262357,CG43055,Dmel_CG43055,69.95,11.73,6.0,0.0001,0.0002
FBgn0051014,PH4alphaSG1,prolyl-4-hydroxylase-alpha SG1,1.82,0.31,5.9,0.0001,0.0002
FBgn0031936,CG13794,Dmel_CG13794,17.54,2.98,5.9,0.0001,0.0002
FBgn0038680,Cyp12a5,"Probable cytochrome P450 12a5, mitochondrial",22.82,3.89,5.9,0.0001,0.0002
FBgn0032068,CG9466,Dmel_CG9466,43.98,7.60,5.8,0.0001,0.0002
FBgn0033047,CG7882,Dmel_CG7882,47.85,8.32,5.8,0.0001,0.0002
FBgn0029762,NAAT1,Dmel_CG3252,33.34,5.86,5.7,0.0001,0.0002
FBgn0050098,CG30098,Dmel_CG30098,2.01,0.35,5.7,0.0018,0.0066
FBgn0262564,CG43104,Dmel_CG43104,4.56,0.81,5.6,0.0001,0.0002
FBgn0264748,CG44006,CG44006,5.41,0.98,5.5,0.0001,0.0002
FBgn0052633,CG32633,Dmel_CG32633,9.71,1.76,5.5,0.0001,0.0002
FBgn0040069,vanin-like,Vanin-like protein 1,14.12,2.55,5.5,0.0001,0.0002
"FBgn0011280,FBgn0031114","Obp19d,cactin","Odorant-binding protein 19d,cactin",162.67,29.43,5.5,0.0001,0.0002
FBgn0031184,CG14615,Dmel_CG14615,18.43,3.35,5.5,0.0001,0.0002
FBgn0039777,Jon99Fii,Jonah 99Fii,49.31,8.98,5.5,0.0001,0.0002
FBgn0039030,CG6660,Dmel_CG6660,37.62,6.89,5.5,0.0001,0.0002
FBgn0029827,CG6048,Dmel_CG6048,7.63,1.40,5.5,0.0001,0.0002
FBgn0261932,CG42798,Dmel_CG42798,11.39,2.09,5.4,0.0001,0.0002
FBgn0015623,Cpr,Cytochrome P450 reductase,557.59,102.90,5.4,0.0001,0.0002
FBgn0261057,Sfp36F,Seminal fluid protein 36F,62.05,11.54,5.4,0.0001,0.0002
FBgn0036422,CG3868,Dmel_CG3868,105.30,19.71,5.3,0.0001,0.0002
FBgn0031801,CG9498,Dmel_CG9498,34.15,6.40,5.3,0.0001,0.0002
FBgn0032853,CG10651,Dmel_CG10651,15.17,2.85,5.3,0.0001,0.0002
FBgn0028950,CG15255,Dmel_CG15255,66.60,12.69,5.2,0.0001,0.0002
FBgn0036015,CG3088,Dmel_CG3088,164.69,31.54,5.2,0.0001,0.0002
FBgn0263024,CG43319,Dmel_CG43319,381.17,73.27,5.2,0.0001,0.0002
"FBgn0053306,FBgn0028920","CG33306,CG8997","Dmel_CG33306,Dmel_CG8997",472.90,91.21,5.2,0.0001,0.0002
FBgn0036876,CG9451,Dmel_CG9451,90.90,17.54,5.2,0.0001,0.0002
FBgn0085353,CG34324,Dmel_CG34324,949.36,183.85,5.2,0.0001,0.0002
FBgn0039316,CG11893,Dmel_CG11893,32.46,6.33,5.1,0.0001,0.0002
FBgn0002778,mnd,minidiscs,15.35,3.00,5.1,0.0001,0.0002
FBgn0025680,cry,cryptochrome,51.37,10.06,5.1,0.0001,0.0002
FBgn0028920,CG9377,Dmel_CG8997,2.58,0.51,5.1,0.0001,0.0002
FBgn0053276,CG33276,Ubiquitin-related modifier 1 homolog,10.17,2.02,5.0,0.0001,0.0005
FBgn0035933,CG13309,Dmel_CG13309,145.12,28.89,5.0,0.0001,0.0002
FBgn0263336,CR43417,Dmel_CR43417,8.90,1.77,5.0,0.0001,0.0002
FBgn0032394,CG6746,Dmel_CG6746,163.57,32.84,5.0,0.0001,0.0002
,,,,,,,
,,,,,,,
Genes signfiicantly upregulated in warm acclimated flies by 2 to 4.9-fold,,,,,,,
FlyBase ID,Gene symbol,Gene name,Warm (FPKM),Cold (FPKM),Fold change,P-value,Q-value
FBgn0038135,CG8773,Dmel_CG8773,33.81,6.83,4.9,0.0001,0.0002
FBgn0085793,CR43148,Dmel_CR41510,3.06,0.62,4.9,0.0001,0.0002
FBgn0032069,CG9468,Dmel_CG9468,57.22,11.64,4.9,0.0001,0.0002
FBgn0035186,CG13912,Dmel_CG13912,28.45,5.81,4.9,0.0001,0.0002
FBgn0010241,Mdr50,Multi drug resistance 50,18.82,3.87,4.9,0.0002,0.0009
FBgn0031805,CG9505,Dmel_CG9505,5.42,1.12,4.8,0.0001,0.0002
FBgn0029994,CG2254,Dmel_CG2254,142.01,29.46,4.8,0.0001,0.0002
FBgn0030775,CG9673,Dmel_CG9673,48.33,10.06,4.8,0.0005,0.0021
FBgn0001145,Gs2,Glutamine synthetase 2,314.95,65.76,4.8,0.0001,0.0002
FBgn0036767,CG16775,Dmel_CG16775,10.23,2.14,4.8,0.0001,0.0002
FBgn0037288,CG14661,Dmel_CG14661,170.99,35.81,4.8,0.0001,0.0002
FBgn0259101,CG42249,Dmel_CG42249,40.99,8.61,4.8,0.0001,0.0002
FBgn0032787,CG10195,Dmel_CG10195,9.83,2.07,4.8,0.0001,0.0002
FBgn0032282,CG7299,Dmel_CG7299,4.12,0.87,4.7,0.0001,0.0002
FBgn0051524,CG31524,Dmel_CG31524,17.74,3.78,4.7,0.0001,0.0002
FBgn0039052,CG6733,Dmel_CG6733,52.38,11.17,4.7,0.0001,0.0002
FBgn0030688,CG8952,Dmel_CG8952,62.77,13.41,4.7,0.0001,0.0002
FBgn0040107,lectin-21Ca,Dmel_CG2826,17.03,3.64,4.7,0.0001,0.0002
FBgn0011746,ana,anachronism,15.03,3.21,4.7,0.0001,0.0002
FBgn0039378,alpha4GT2,Dmel_CG5878,4.95,1.06,4.7,0.0001,0.0002
FBgn0260960,Baldspot,Dmel_CG3971,112.69,24.44,4.6,0.0001,0.0002
FBgn0038256,CG7530,Dmel_CG7530,70.34,15.30,4.6,0.0001,0.0002
"FBgn0085435,FBgn0264744","CG34406,CG44002","Dmel_CG34406,Dmel_CG44002",1.61,0.35,4.6,0.0001,0.0002
FBgn0265064,CR44175,Dmel_CR44175,29.65,6.50,4.6,0.0001,0.0002
FBgn0030756,CG9903,Dmel_CG9903,3.75,0.83,4.5,0.0001,0.0002
FBgn0085192,CG34163,Dmel_CG34163,12.66,2.81,4.5,0.0001,0.0002
FBgn0263082,CG43350,Dmel_CG43350,67.94,15.09,4.5,0.0001,0.0002
FBgn0036978,Toll-9,Dmel_CG5528,1.90,0.42,4.5,0.0001,0.0002
FBgn0040923,CG11368,Dmel_CG11368,68.57,15.31,4.5,0.0001,0.0002
FBgn0029838,CG4666,UPF0670 protein CG4666,103.48,23.11,4.5,0.0001,0.0002
FBgn0010651,l(2)08717,lethal (2) 08717,49.33,11.03,4.5,0.0001,0.0002
FBgn0020508,Ag5r2,Antigen 5-related 2,25.69,5.75,4.5,0.0001,0.0002
FBgn0030607,dob,doppelganger von brummer,5.71,1.28,4.5,0.0001,0.0002
FBgn0259715,CG42369,Dmel_CG42369,59.65,13.42,4.4,0.0001,0.0002
FBgn0036024,CG18180,Dmel_CG18180,98.55,22.20,4.4,0.0015,0.0056
FBgn0030339,Cyp28c1,Probable cytochrome P450 28c1,7.26,1.64,4.4,0.0001,0.0002
FBgn0033446,CG1648,Dmel_CG1648,204.48,46.32,4.4,0.0001,0.0002
FBgn0013307,Odc1,Ornithine decarboxylase 1,43.22,9.80,4.4,0.0001,0.0002
FBgn0038753,CG4459,Dmel_CG4459,1.93,0.44,4.4,0.0001,0.0002
"FBgn0036093,FBgn0036091,FBgn0036090","CG14154,CG18628,CG8009","Dmel_CG14154,Dmel_CG18628,Dmel_CG8009",3489.14,792.69,4.4,0.0001,0.0002
FBgn0051198,CG31198,Dmel_CG31198,161.65,36.73,4.4,0.0001,0.0002
FBgn0030509,CG11162,Dmel_CG11162,4.95,1.13,4.4,0.0001,0.0002
FBgn0033048,CG7881,Dmel_CG7881,10.94,2.50,4.4,0.0001,0.0002
FBgn0052726,CG32726,Dmel_CG32726,5.19,1.19,4.4,0.0011,0.0041
FBgn0038919,CG17843,Dmel_CG17843,75.23,17.23,4.4,0.0001,0.0002
FBgn0263234,Phae1,Phaedra 1,17.70,4.07,4.4,0.0001,0.0002
FBgn0263624,CR43633,Dmel_CR43633,63.03,14.49,4.3,0.0001,0.0002
FBgn0263623,CR43632,Dmel_CR43632,4.28,0.99,4.3,0.0001,0.0002
FBgn0262899,CG43254,Dmel_CG43254,107.22,24.79,4.3,0.0001,0.0002
FBgn0051202,CG31202,Dmel_CG31202,4.03,0.93,4.3,0.0003,0.0013
FBgn0034289,CG10910,Dmel_CG10910,46.09,10.72,4.3,0.0001,0.0002
FBgn0039761,CG18404,Dmel_CG18404,100.61,23.42,4.3,0.0001,0.0002
FBgn0034405,Jheh2,Juvenile hormone epoxide hydrolase 2,111.75,26.08,4.3,0.0001,0.0002
FBgn0052029,Cpr66D,Cuticular protein 66D,7.37,1.74,4.2,0.0001,0.0002
FBgn0051562,CG31562,Dmel_CG31562,2.79,0.66,4.2,0.0003,0.0013
FBgn0036620,CG4842,Dmel_CG4842,13.64,3.25,4.2,0.0001,0.0002
FBgn0036321,CG14120,Dmel_CG14120,20.77,4.95,4.2,0.0001,0.0002
FBgn0037004,CG17637,Dmel_CG17637,36.76,8.78,4.2,0.0001,0.0002
"FBgn0264329,FBgn0264330,FBgn0003091","CG43788,CG43789,Pkc53E","Dmel_CG43788,Dmel_CG43789,Protein C kinase 53E",722.53,173.07,4.2,0.0001,0.0002
FBgn0027562,CG10345,Dmel_CG10345,37.70,9.05,4.2,0.0001,0.0002
FBgn0036278,GRHRII,Dmel_CG10698,14.59,3.52,4.1,0.0001,0.0002
FBgn0050151,CG30151,Dmel_CG30151,21.57,5.21,4.1,0.0001,0.0002
"FBgn0262883,FBgn0039800,FBgn0039801","CR43238,Npc2g,Npc2h","Dmel_CR43238,Niemann-Pick type C-2g,Niemann-Pick type C-2h",231.29,56.40,4.1,0.0001,0.0002
FBgn0039091,CG10182,Dmel_CG10182,1.40,0.34,4.1,0.0001,0.0002
FBgn0051664,CG31664,Dmel_CG31664,3.55,0.87,4.1,0.0001,0.0002
"FBgn0034500,FBgn0034501","CG11200,CG13868","Dmel_CG11200,Dmel_CG13868",347.14,85.08,4.1,0.0001,0.0002
FBgn0031632,CG15628,Dmel_CG15628,45.88,11.26,4.1,0.0001,0.0002
FBgn0031517,CG15406,Dmel_CG15406,76.24,18.80,4.1,0.0001,0.0002
FBgn0051267,CG31267,Dmel_CG31267,30.50,7.53,4.0,0.0001,0.0002
FBgn0036659,CG9701,Dmel_CG9701,14.73,3.65,4.0,0.0001,0.0002
FBgn0029863,CG3823,Dmel_CG3823,14.83,3.68,4.0,0.0001,0.0002
"FBgn0069969,FBgn0085793","CG40498,CR41510","Dmel_CG40498,CR41510",18.80,4.69,4.0,0.0001,0.0002
"FBgn0035679,FBgn0035678","CG10467,CG10469","Dmel_CG10467,Dmel_CG10469",41.85,10.55,4.0,0.0001,0.0002
"FBgn0000592,FBgn0000594","Est-6,Est-P","Esterase 6,Esterase P",423.78,106.82,4.0,0.0001,0.0002
FBgn0016675,Lectin-galC1,Galactose-specific C-type lectin,132.16,33.41,4.0,0.0001,0.0002
FBgn0262363,CG43061,Dmel_CG43061,32.71,8.27,4.0,0.0002,0.0009
FBgn0038481,CG17475,Dmel_CG17475,44.49,11.31,3.9,0.0001,0.0002
FBgn0031700,CG14022,Dmel_CG14022,127.29,32.38,3.9,0.0001,0.0002
FBgn0250757,CG42235,Dmel_CG42235,104.18,26.55,3.9,0.0001,0.0002
FBgn0262359,CG43057,Dmel_CG43057,51.69,13.20,3.9,0.0001,0.0002
FBgn0032753,CG17572,Dmel_CG17572,2.06,0.53,3.9,0.0001,0.0002
FBgn0032066,CG9463,Dmel_CG9463,5.19,1.33,3.9,0.0001,0.0002
FBgn0033203,CG2070,Dmel_CG2070,11.30,2.90,3.9,0.0001,0.0002
FBgn0032275,CG17097,Dmel_CG17097,970.04,248.82,3.9,0.0001,0.0002
"FBgn0050503,FBgn0040513","CG30503,kappaB-Ras","Dmel_CG30503,kappaB-Ras",51.19,13.15,3.9,0.0001,0.0002
FBgn0011554,etaTry,etaTrypsin,14.28,3.70,3.9,0.0001,0.0002
FBgn0051205,CG31205,Dmel_CG31205,39.35,10.22,3.9,0.0001,0.0002
"FBgn0052379,FBgn0035779","CG32379,CG8562","Dmel_CG32379,Dmel_CG8562",37.21,9.67,3.8,0.0001,0.0002
FBgn0039040,CG13833,Dmel_CG13833,54.71,14.33,3.8,0.0001,0.0002
FBgn0037835,CG14687,Dmel_CG14687,145.15,38.12,3.8,0.0001,0.0002
FBgn0040106,lectin-21Cb,Dmel_CG13686,5.60,1.47,3.8,0.0001,0.0002
FBgn0020764,"Alas,Fmo-1",Aminolevulinate synthase,115.36,30.33,3.8,0.0001,0.0002
FBgn0039616,CG11828,Dmel_CG11828,29.87,7.86,3.8,0.0001,0.0002
FBgn0032470,CG5142,Dmel_CG5142,1.78,0.47,3.8,0.0001,0.0002
FBgn0032025,CG7778,Dmel_CG7778,68.48,18.06,3.8,0.0001,0.0002
FBgn0032868,CG17472,Dmel_CG17472,284.34,75.27,3.8,0.0001,0.0002
FBgn0051343,CG31343,Dmel_CG31343,118.12,31.27,3.8,0.0001,0.0002
FBgn0010053,Jheh1,Juvenile hormone epoxide hydrolase 1,78.47,20.83,3.8,0.0001,0.0002
FBgn0259949,Sfp23F,Seminal fluid protein 23F,80.83,21.48,3.8,0.0001,0.0002
FBgn0039711,CG7824,Dmel_CG7824,5.36,1.43,3.8,0.0001,0.0002
FBgn0015001,iotaTry,iotaTrypsin,25.41,6.76,3.8,0.0001,0.0002
FBgn0010383,Cyp18a1,Cytochrome P450-18a1,5.92,1.58,3.7,0.0001,0.0002
FBgn0261990,CG42808,Dmel_CG42808,249.84,66.77,3.7,0.0001,0.0002
FBgn0036766,CG5506,Dmel_CG5506,141.68,37.94,3.7,0.0001,0.0002
FBgn0085265,CG34236,Dmel_CG34236,7.84,2.10,3.7,0.0001,0.0002
FBgn0033387,CG8008,Dmel_CG8008,19.21,5.15,3.7,0.0001,0.0002
FBgn0035781,CG8560,Dmel_CG8560,140.13,37.88,3.7,0.0001,0.0002
FBgn0039755,CG15531,Dmel_CG15531,103.49,28.01,3.7,0.0001,0.0002
FBgn0039478,Nep5,Neprilysin 5,8.93,2.42,3.7,0.0013,0.0049
FBgn0262006,CG42824,Dmel_CG42824,18.94,5.14,3.7,0.0001,0.0002
FBgn0038294,Mf,Myofilin,2852.64,775.26,3.7,0.0001,0.0002
FBgn0053926,CG33926,Dmel_CG33926,3.25,0.88,3.7,0.0002,0.0009
FBgn0031110,Obp19b,Odorant-binding protein 19b,24.91,6.80,3.7,0.0001,0.0002
FBgn0263235,Phae2,Phaedra 2,24.87,6.79,3.7,0.0001,0.0002
FBgn0033603,Cpr47Ef,Cuticular protein 47Ef,8.45,2.31,3.7,0.0001,0.0002
FBgn0032122,CG31883,Dmel_CG31883,231.82,63.49,3.7,0.0001,0.0002
FBgn0250847,CG14034,Dmel_CG14034,128.29,35.16,3.6,0.0001,0.0002
FBgn0035087,CG2765,Dmel_CG2765,345.37,94.97,3.6,0.0001,0.0002
FBgn0037290,CG1124,Dmel_CG1124,48.79,13.47,3.6,0.0001,0.0002
FBgn0004512,Mdr49,Multi drug resistance 49,28.71,7.93,3.6,0.0001,0.0002
FBgn0031004,CG7992,Dmel_CG7992,15.87,4.39,3.6,0.0001,0.0002
FBgn0053258,CG33258,Dmel_CG33258,81.93,22.68,3.6,0.0001,0.0002
"FBgn0260645,FBgn0260766","CG42537,CG42564","Dmel_CG42537,Dmel_CG42564",126.06,34.89,3.6,0.0001,0.0002
FBgn0026565,CG1315,Argininosuccinate synthase,23.75,6.59,3.6,0.0001,0.0002
FBgn0032022,CG14275,Dmel_CG14275,37.48,10.42,3.6,0.0001,0.0002
FBgn0052203,Spn75F,Serpin 75F,84.79,23.59,3.6,0.0001,0.0002
FBgn0040528,CG15864,Dmel_CG15864,16.67,4.65,3.6,0.0001,0.0002
FBgn0036622,CG4753,Dmel_CG4753,44.43,12.39,3.6,0.0001,0.0002
FBgn0032171,CG5846,Dmel_CG5846,8.76,2.45,3.6,0.0001,0.0002
FBgn0001148,gsb,gooseberry,1.39,0.39,3.6,0.0001,0.0005
FBgn0038938,CG7084,Dmel_CG7084,75.84,21.32,3.6,0.0001,0.0002
FBgn0033249,CG11191,Dmel_CG11191,5.39,1.52,3.6,0.0001,0.0002
FBgn0040718,CG15353,Dmel_CG15353,11.69,3.29,3.6,0.0003,0.0013
FBgn0029091,CS-2,Chitin synthase 2,9.92,2.80,3.5,0.0001,0.0002
FBgn0034468,Obp56a,Odorant-binding protein 56a,67.65,19.07,3.5,0.0001,0.0002
FBgn0260995,CG42596,Dmel_CG42596,18.24,5.15,3.5,0.0001,0.0002
FBgn0085359,CG34330,Dmel_CG34330,122.94,34.76,3.5,0.0001,0.0002
FBgn0051872,CG31872,Dmel_CG31872,381.97,108.50,3.5,0.0001,0.0002
FBgn0262814,CG43185,Dmel_CG43185,46.89,13.33,3.5,0.0001,0.0002
FBgn0039529,CG5612,Dmel_CG5612,75.14,21.37,3.5,0.0001,0.0002
FBgn0034582,Cht9,Dmel_CG10531,6.58,1.87,3.5,0.0001,0.0002
FBgn0038069,CG11608,Dmel_CG11608,22.91,6.53,3.5,0.0001,0.0002
FBgn0038652,CG7720,Dmel_CG7720,80.04,22.94,3.5,0.0001,0.0002
FBgn0038142,CheA87a,Dmel_CG14379,35.53,10.18,3.5,0.0001,0.0002
FBgn0052115,CG32115,Dmel_CG32115,3.85,1.11,3.5,0.0001,0.0002
FBgn0041707,7B2,Dmel_CG1168,41.82,12.04,3.5,0.0001,0.0002
FBgn0034909,CG4797,Dmel_CG4797,25.47,7.36,3.5,0.0001,0.0002
FBgn0035471,Sc2,Dmel_CG10849,185.90,53.75,3.5,0.0001,0.0002
FBgn0032785,CG10026,Dmel_CG10026,30.51,8.83,3.5,0.0001,0.0002
FBgn0035780,CG18417,Dmel_CG18417,14.56,4.22,3.5,0.0001,0.0002
"FBgn0052195,FBgn0036777","CG32195,CG7341","Dmel_CG32195,Dmel_CG7341",33.80,9.83,3.4,0.0001,0.0002
FBgn0034662,CG13492,Dmel_CG13492,20.28,5.91,3.4,0.0001,0.0002
FBgn0032253,CG5322,Dmel_CG5322,15.24,4.45,3.4,0.0001,0.0002
FBgn0030828,CG5162,Dmel_CG5162,274.51,80.49,3.4,0.0001,0.0002
FBgn0040001,CG17374,Dmel_CG17374,47.57,13.95,3.4,0.0001,0.0002
FBgn0038717,CG17751,Dmel_CG17751,36.72,10.79,3.4,0.0001,0.0002
FBgn0027611,LM408,Lysosomal α-mannosidase,141.14,41.81,3.4,0.0001,0.0002
FBgn0032433,Oatp33Ea,Organic anion transporting polypeptide 33Ea,22.85,6.82,3.4,0.0001,0.0002
"FBgn0036837,FBgn0036838","CG18135,CG3808","Dmel_CG18135,Dmel_CG3808",166.09,49.67,3.3,0.0001,0.0002
FBgn0050016,CG30016,Dmel_CG30016,50.21,15.02,3.3,0.0001,0.0002
FBgn0037488,CG14607,Dmel_CG14607,5.79,1.74,3.3,0.0001,0.0002
FBgn0085374,CG34345,Dmel_CG34345,2.93,0.88,3.3,0.0001,0.0002
FBgn0031533,CG2772,Dmel_CG2772,2.95,0.89,3.3,0.0001,0.0002
FBgn0051496,CG31496,Dmel_CG31496,20.72,6.25,3.3,0.0001,0.0002
FBgn0032029,CG17292,Dmel_CG17292,53.83,16.26,3.3,0.0001,0.0002
"FBgn0051352,FBgn0260463,FBgn0053105","Unc-115a,Unc-115b,p24-2","Dmel_CG31352,Dmel_CG31332,p24-related-2",5.15,1.56,3.3,0.0001,0.0002
FBgn0038986,CG5278,Dmel_CG5278,29.25,8.85,3.3,0.0001,0.0002
"FBgn0050025,FBgn0050031,FBgn0003863","CG30025,CG30031,alphaTry","Dmel_CG30025,Dmel_CG30031,alphaTrypsin",1517.73,459.09,3.3,0.0001,0.0002
FBgn0053511,CG33511,Dmel_CG33511,10.61,3.22,3.3,0.0001,0.0002
FBgn0052751,CG32751,Vanin-like protein 2,2.21,0.67,3.3,0.0001,0.0002
FBgn0011701,repo,reversed polarity,2.36,0.72,3.3,0.0026,0.0089
FBgn0050471,CG30471,Dmel_CG30471,1.10,0.33,3.3,0.0001,0.0002
FBgn0026755,Ugt37b1,UDP-glycosyltransferase 37b1,7.64,2.34,3.3,0.0001,0.0002
FBgn0001208,Hn,Henna,133.67,41.07,3.3,0.0001,0.0002
"FBgn0038032,FBgn0038033","CG10096,CG10097","Dmel_CG10096,Dmel_CG10097",647.47,199.28,3.2,0.0001,0.0002
FBgn0038082,CG5724,Dmel_CG5724,29.40,9.10,3.2,0.0001,0.0002
FBgn0030594,CG9509,Dmel_CG9509,129.54,40.14,3.2,0.0001,0.0002
FBgn0002985,odd,odd skipped,5.12,1.59,3.2,0.0001,0.0002
FBgn0035293,CG5687,Dmel_CG5687,26.19,8.13,3.2,0.0001,0.0002
FBgn0044810,TotX,Turandot X,30.40,9.43,3.2,0.0001,0.0002
FBgn0036970,Spn77Bc,Serpin 77Bc,305.74,95.31,3.2,0.0001,0.0002
FBgn0032080,CG9525,Dmel_CG9525,2.77,0.86,3.2,0.0001,0.0002
FBgn0032088,CG13102,Dmel_CG13102,34.92,10.96,3.2,0.0001,0.0002
FBgn0024997,CG2681,Dmel_CG2681,4.79,1.51,3.2,0.0001,0.0002
FBgn0035876,Pex2,Peroxin 2,16.43,5.17,3.2,0.0001,0.0002
FBgn0037936,CG6908,Dmel_CG6908,51.90,16.40,3.2,0.0001,0.0002
FBgn0034229,CG4847,Dmel_CG4847,145.22,45.93,3.2,0.0001,0.0002
FBgn0033297,Mal-A8,Maltase A8,111.21,35.19,3.2,0.0001,0.0002
FBgn0263326,CG43407,Dmel_CG43407,8.01,2.54,3.2,0.0010,0.0039
FBgn0030805,wus,wurst,2.27,0.72,3.1,0.0001,0.0002
FBgn0032603,CG17928,Dmel_CG17928,42.01,13.37,3.1,0.0001,0.0002
FBgn0027073,CG4302,Dmel_CG4302,61.73,19.72,3.1,0.0008,0.0032
"FBgn0019643,FBgn0015544","Dat,spag","Dopamine N acetyltransferase,spaghetti",92.49,29.63,3.1,0.0001,0.0002
FBgn0014033,Sr-CI,"Scavenger receptor class C, type I",8.19,2.62,3.1,0.0001,0.0002
FBgn0020236,ATPCL,ATP citrate lyase,122.50,39.25,3.1,0.0001,0.0002
FBgn0041156,exex,extra-extra,4.24,1.36,3.1,0.0001,0.0002
FBgn0039872,salt,salty dog,47.08,15.14,3.1,0.0002,0.0009
FBgn0264794,CR44024,Dmel_CR44024,6.04,1.95,3.1,0.0001,0.0002
FBgn0051680,CG31680,Dmel_CG31680,155.52,50.23,3.1,0.0001,0.0002
FBgn0040687,CG14645,Dmel_CG14645,2068.61,669.39,3.1,0.0001,0.0002
FBgn0031080,CG12655,Dmel_CG12655,5.12,1.67,3.1,0.0001,0.0002
FBgn0051778,CG31778,Dmel_CG31778,22.82,7.42,3.1,0.0001,0.0002
FBgn0051106,CG31106,Dmel_CG31106,64.56,21.00,3.1,0.0001,0.0002
FBgn0040340,Tsp29Fa,Dmel_CG11642,72.46,23.62,3.1,0.0001,0.0002
FBgn0003512,Sry-delta,Serendipity delta,4.84,1.58,3.1,0.0001,0.0002
FBgn0259975,Sfp87B,Seminal fluid protein 87B,4901.12,1601.07,3.1,0.0001,0.0002
FBgn0025620,CG13360,Dmel_CG13360,49.70,16.27,3.1,0.0001,0.0002
FBgn0039299,CG11854,Dmel_CG11854,4.80,1.57,3.1,0.0001,0.0002
FBgn0263089,CR43357,Dmel_CR43357,10.41,3.41,3.1,0.0013,0.0049
FBgn0040705,CG15434,Dmel_CG15434,73.08,23.95,3.1,0.0001,0.0002
"FBgn0033423,FBgn0033422","CG1809,Or45b","Dmel_CG1809,Odorant receptor 45b",13.34,4.37,3.1,0.0001,0.0002
FBgn0037547,CG7910,Dmel_CG7910,285.83,93.78,3.0,0.0001,0.0002
FBgn0034515,CG13428,Dmel_CG13428,267.62,87.92,3.0,0.0001,0.0002
FBgn0031141,CG1304,Dmel_CG1304,9.05,2.97,3.0,0.0001,0.0002
FBgn0031902,Wnt6,Protein Wnt,6.46,2.13,3.0,0.0001,0.0002
"FBgn0032914,FBgn0032913","CG14397,CG9259","Dmel_CG14397,Dmel_CG9259",198.70,65.61,3.0,0.0001,0.0002
FBgn0250841,CG17242,Dmel_CG17242,189.02,62.54,3.0,0.0001,0.0002
FBgn0036815,HipHop,HP1-HOAP-interacting protein,3.22,1.07,3.0,0.0001,0.0002
FBgn0025814,Mgstl,Microsomal glutathione S-transferase-like,221.02,73.20,3.0,0.0001,0.0002
FBgn0034275,CG5002,Dmel_CG5002,40.29,13.35,3.0,0.0001,0.0002
FBgn0034808,CG9896,Dmel_CG9896,58.04,19.28,3.0,0.0001,0.0002
FBgn0030223,CG2111,Dmel_CG2111,3.98,1.33,3.0,0.0007,0.0028
FBgn0062440,CG17680,"UPF0466 protein CG17680, mitochondrial",21.94,7.32,3.0,0.0001,0.0002
FBgn0031860,CG11236,Dmel_CG11236,27.11,9.07,3.0,0.0001,0.0002
FBgn0263621,CG43630,Dmel_CG43630,137.18,45.90,3.0,0.0015,0.0054
FBgn0034715,Oatp58Db,Organic anion transporting polypeptide 58Db,36.98,12.38,3.0,0.0001,0.0002
FBgn0000543,ecd,ecdysoneless,5.17,1.73,3.0,0.0001,0.0002
FBgn0043470,lambdaTry,Dmel_CG12350,66.10,22.15,3.0,0.0001,0.0002
FBgn0037017,CG4074,Dmel_CG4074,6.90,2.32,3.0,0.0001,0.0002
FBgn0035044,CG3663,Dmel_CG3663,21.70,7.30,3.0,0.0001,0.0002
FBgn0030816,CG16700,Dmel_CG16700,16.90,5.69,3.0,0.0001,0.0002
FBgn0030367,Cyp311a1,Probable cytochrome P450 311a1,8.42,2.84,3.0,0.0001,0.0002
FBgn0029128,tyn,trynity,5.33,1.81,2.9,0.0001,0.0002
FBgn0041103,nht,no hitter,6.75,2.30,2.9,0.0001,0.0002
FBgn0036616,CG4893,Dmel_CG4893,62.64,21.40,2.9,0.0001,0.0002
FBgn0039864,CG11550,Dmel_CG11550,14.24,4.87,2.9,0.0012,0.0044
FBgn0000120,Arr1,Arrestin 1,640.04,218.78,2.9,0.0001,0.0002
FBgn0031689,Cyp28d1,Probable cytochrome P450 28d1,70.67,24.17,2.9,0.0001,0.0002
FBgn0037341,CG12746,Dmel_CG12746,48.73,16.67,2.9,0.0001,0.0002
FBgn0035670,CG10472,Dmel_CG10472,357.69,122.43,2.9,0.0001,0.0002
FBgn0030769,CG13012,Dmel_CG13012,14.26,4.88,2.9,0.0004,0.0015
FBgn0085476,CG34447,Dmel_CG34447,13.01,4.46,2.9,0.0001,0.0002
FBgn0052521,CG32521,Dmel_CG32521,96.41,33.03,2.9,0.0001,0.0002
FBgn0030612,CG5599,Dmel_CG5599,12.99,4.45,2.9,0.0001,0.0002
FBgn0030998,CG14195,Dmel_CG14195,2.85,0.98,2.9,0.0001,0.0002
FBgn0039326,CG10562,Dmel_CG10562,38.32,13.19,2.9,0.0001,0.0002
FBgn0037786,CG5361,Dmel_CG5361,3.87,1.33,2.9,0.0001,0.0002
FBgn0038038,CG5167,Dmel_CG5167,52.21,18.03,2.9,0.0001,0.0002
FBgn0043364,cbt,cabut,59.55,20.56,2.9,0.0001,0.0002
FBgn0036877,CG9452,Dmel_CG9452,4.96,1.72,2.9,0.0001,0.0002
FBgn0037670,CG8436,Dmel_CG8436,8.55,2.96,2.9,0.0001,0.0002
FBgn0259957,CG42467,Dmel_CG42467,31.32,10.86,2.9,0.0001,0.0002
"FBgn0031523,FBgn0031522","CG15408,CG3285","Dmel_CG15408,Dmel_CG3285",57.24,19.84,2.9,0.0001,0.0002
FBgn0040299,Myo28B1,Dmel_CG6976,10.95,3.80,2.9,0.0001,0.0002
FBgn0038888,CheB93a,Dmel_CG15503,7.36,2.56,2.9,0.0001,0.0002
FBgn0027070,CG17322,Dmel_CG17322,11.85,4.12,2.9,0.0001,0.0002
FBgn0023540,CG3630,Dmel_CG3630,62.87,21.88,2.9,0.0001,0.0002
FBgn0040732,CG16926,Dmel_CG16926,518.71,180.83,2.9,0.0001,0.0002
FBgn0025558,CG4101,Protein anon-73B1,8.24,2.89,2.9,0.0001,0.0002
FBgn0035817,CG7409,Dmel_CG7409,453.33,158.87,2.9,0.0001,0.0002
FBgn0019952,Orct,Organic cation transporter,17.89,6.28,2.9,0.0001,0.0002
FBgn0001285,Jon44E,Jonah 44E,29.40,10.32,2.8,0.0001,0.0002
FBgn0052985,CG32985,Dmel_CG32985,19.24,6.76,2.8,0.0001,0.0002
"FBgn0030272,FBgn0030271","CG15201,CG15202","Dmel_CG15201,Dmel_CG15202",120.22,42.27,2.8,0.0002,0.0007
FBgn0030932,Ggt-1,γ-glutamyl transpeptidase,30.60,10.76,2.8,0.0001,0.0002
FBgn0040813,Nplp2,Neuropeptide-like precursor 2,3899.03,1373.58,2.8,0.0001,0.0002
FBgn0262366,CG43064,Dmel_CG43064,2.22,0.78,2.8,0.0001,0.0002
FBgn0262887,CR43242,Dmel_CR43242,3.90,1.38,2.8,0.0001,0.0002
FBgn0039348,Npl4,Npl4 ortholog,322.58,113.99,2.8,0.0001,0.0002
FBgn0031968,CG7231,Dmel_CG7231,32.76,11.60,2.8,0.0001,0.0002
FBgn0050118,CG30118,Dmel_CG30118,101.85,36.09,2.8,0.0001,0.0002
FBgn0010497,dmGlut,Dietary and metabolic glutamate transporter,27.11,9.61,2.8,0.0001,0.0002
FBgn0032715,CG17597,Dmel_CG17597,29.59,10.49,2.8,0.0001,0.0002
FBgn0030347,CG15739,Dmel_CG15739,11.95,4.24,2.8,0.0001,0.0002
FBgn0031273,CG2839,Dmel_CG2839,2.79,0.99,2.8,0.0001,0.0002
FBgn0263498,CR43487,Dmel_CR43487,10.17,3.62,2.8,0.0001,0.0002
FBgn0262574,CG43114,Dmel_CG43114,118.17,42.04,2.8,0.0001,0.0002
FBgn0038918,CG6690,Dmel_CG6690,32.72,11.64,2.8,0.0001,0.0002
FBgn0033788,CG13323,Dmel_CG13323,173.84,61.89,2.8,0.0001,0.0002
FBgn0026058,OdsH,Ods-site homeobox,2.16,0.77,2.8,0.0001,0.0002
FBgn0259972,Sfp77F,Seminal fluid protein 77F,239.90,85.65,2.8,0.0001,0.0002
FBgn0058470,CG40470,Dmel_CG40470,7.24,2.59,2.8,0.0001,0.0002
FBgn0043576,PGRP-SC1b,Peptidoglycan-recognition protein SC1a/b,1.13,0.41,2.8,0.0023,0.0080
FBgn0264885,CR44076,Dmel_CR44076,5.24,1.88,2.8,0.0008,0.0032
FBgn0039840,CG11340,Dmel_CG11340,11.72,4.21,2.8,0.0001,0.0002
FBgn0051708,CG31708,Dmel_CG31708,4.29,1.54,2.8,0.0001,0.0002
"FBgn0037934,FBgn0011290","CG6830,Taf12","Dmel_CG6830,TBP-associated factor 12",75.71,27.29,2.8,0.0001,0.0002
FBgn0043825,CG18284,Dmel_CG18284,199.65,72.04,2.8,0.0001,0.0002
"FBgn0262003,FBgn0262004","CG42821,CG42822","Dmel_CG42821,Dmel_CG42822",56.43,20.37,2.8,0.0001,0.0002
FBgn0264552,CG43931,Dmel_CG43931,23.40,8.45,2.8,0.0001,0.0002
FBgn0039598,CG14061,Dmel_CG14061,119.23,43.05,2.8,0.0001,0.0002
FBgn0032049,Bace,Dmel_CG13095,749.00,271.29,2.8,0.0001,0.0002
FBgn0264342,CG43798,Dmel_CG43798,9.03,3.28,2.8,0.0001,0.0002
FBgn0040321,GNBP3,Gram-negative bacteria binding protein 3,42.11,15.29,2.8,0.0001,0.0002
FBgn0053296,CG33296,Dmel_CG33296,7.00,2.54,2.8,0.0001,0.0002
FBgn0038482,CG4053,Dmel_CG4053,4.31,1.57,2.7,0.0001,0.0005
FBgn0031276,CG12506,Dmel_CG12506,105.26,38.32,2.7,0.0001,0.0002
FBgn0002940,ninaE,neither inactivation nor afterpotential E,1642.40,598.51,2.7,0.0001,0.0002
FBgn0031562,CG3604,Dmel_CG3604,32.83,11.98,2.7,0.0001,0.0002
FBgn0262999,CG43307,Dmel_CG43307,33.95,12.38,2.7,0.0001,0.0002
FBgn0033471,CG12134,Dmel_CG12134,3.17,1.16,2.7,0.0001,0.0002
FBgn0043806,CG32032,Dmel_CG32032,40.73,14.87,2.7,0.0001,0.0002
FBgn0010044,GstD8,Glutathione S transferase D8,4.37,1.59,2.7,0.0002,0.0007
FBgn0030452,MFS10,Major Facilitator Superfamily Transporter 10,17.45,6.38,2.7,0.0001,0.0002
FBgn0031143,CG1532,Dmel_CG1532,78.16,28.58,2.7,0.0001,0.0002
FBgn0032668,CG17681,Dmel_CG17681,1.39,0.51,2.7,0.0014,0.0051
FBgn0030222,CG9806,Dmel_CG9806,4.37,1.60,2.7,0.0001,0.0002
FBgn0037870,CG18577,Dmel_CG18577,7.24,2.65,2.7,0.0001,0.0002
FBgn0038083,CG5999,Dmel_CG5999,6.98,2.56,2.7,0.0001,0.0002
"FBgn0043455,FBgn0026576","CG5986,CG5991","Dmel_CG5986,Dmel_CG5991",65.78,24.20,2.7,0.0001,0.0002
FBgn0010387,Dbi,Diazepam-binding inhibitor,480.58,177.08,2.7,0.0001,0.0002
FBgn0050371,CG30371,Dmel_CG30371,55.58,20.64,2.7,0.0001,0.0002
FBgn0034415,CG15116,Glutathione peroxidase,58.32,21.66,2.7,0.0001,0.0002
FBgn0259177,nimA,nimrod A,3.17,1.18,2.7,0.0001,0.0002
FBgn0039156,CG6178,Dmel_CG6178,63.64,23.66,2.7,0.0001,0.0002
FBgn0028886,CG15279,Dmel_CG15279,31.59,11.77,2.7,0.0001,0.0002
FBgn0000153,b,black,41.52,15.49,2.7,0.0001,0.0002
FBgn0038422,CG14880,Dmel_CG14880,10.11,3.77,2.7,0.0001,0.0002
"FBgn0050486,FBgn0050488","CG30486,CG30488","Dmel_CG30486,antares",64.51,24.09,2.7,0.0001,0.0002
FBgn0053099,CG33099,Dmel_CG33099,13.48,5.04,2.7,0.0001,0.0002
FBgn0036986,CG5282,Dmel_CG5282,5.67,2.12,2.7,0.0001,0.0002
FBgn0262000,CG42818,Dmel_CG42818,3.45,1.29,2.7,0.0001,0.0002
FBgn0053062,CG33062,Dmel_CG33062,2.20,0.82,2.7,0.0011,0.0041
FBgn0051418,CG31418,Dmel_CG31418,66.24,24.87,2.7,0.0001,0.0002
FBgn0263868,CR43715,Dmel_CR43715,12.13,4.55,2.7,0.0001,0.0002
FBgn0031514,CG3332,Dmel_CG3332,12.49,4.69,2.7,0.0001,0.0002
FBgn0031563,CG10031,Dmel_CG10031,51.29,19.29,2.7,0.0001,0.0002
FBgn0017448,CG2187,Dmel_CG2187,14.93,5.63,2.7,0.0001,0.0002
FBgn0030237,CG15209,Dmel_CG15209,84.96,32.08,2.6,0.0001,0.0002
FBgn0259733,tal-AA,Dmel_CG42387,18.98,7.18,2.6,0.0001,0.0002
FBgn0039557,CG12259,Dmel_CG12259,5.20,1.97,2.6,0.0001,0.0002
FBgn0259959,Sfp26Ac,Seminal fluid protein 26Ac,72.41,27.64,2.6,0.0001,0.0002
"FBgn0039782,FBgn0054041","CG15539,CG34041","Dmel_CG15539,Dmel_CG34041",54.03,20.64,2.6,0.0001,0.0002
FBgn0263500,CR43489,Dmel_CR43489,8.85,3.39,2.6,0.0001,0.0002
FBgn0039341,CG5112,Dmel_CG5112,58.08,22.24,2.6,0.0001,0.0002
FBgn0039519,Cyp6a18,Probable cytochrome P450 6a18,48.91,18.80,2.6,0.0001,0.0002
FBgn0022359,Sodh-2,Sorbitol dehydrogenase-2,10.42,4.01,2.6,0.0001,0.0002
FBgn0039321,CG10550,Dmel_CG10550,89.13,34.32,2.6,0.0001,0.0002
FBgn0031987,CG12375,Dmel_CG12375,34.76,13.38,2.6,0.0001,0.0002
FBgn0054002,CG34002,Dmel_CG34002,93.81,36.12,2.6,0.0001,0.0002
FBgn0050043,CG30043,Dmel_CG30043,2.28,0.88,2.6,0.0001,0.0002
FBgn0041629,Hexo2,Hexosaminidase 2,20.86,8.06,2.6,0.0001,0.0002
FBgn0035611,CG13285,Dmel_CG13285,8.86,3.43,2.6,0.0001,0.0002
FBgn0038395,"CG10407,ird5",Dmel_CG10407,455.78,176.62,2.6,0.0001,0.0002
FBgn0036756,cln3,Dmel_CG5582,47.87,18.56,2.6,0.0001,0.0002
FBgn0261860,CG42789,Dmel_CG42789,150.96,58.67,2.6,0.0001,0.0002
FBgn0040725,CG13946,Dmel_CG13946,54.84,21.34,2.6,0.0001,0.0002
FBgn0000326,clt,cricklet,14.85,5.80,2.6,0.0001,0.0002
FBgn0030316,CG11695,Dmel_CG11695,2.99,1.17,2.6,0.0001,0.0002
"FBgn0063667,FBgn0035189","CG32335,CG9119","Dmel_CG32335,Dmel_CG9119",41.06,16.05,2.6,0.0001,0.0002
FBgn0039050,"CG17110,CG6726",Dmel_CG17110,214.36,83.79,2.6,0.0001,0.0002
"FBgn0039184,FBgn0039183,FBgn0011581","CG6432,Dis3,Dms","Dmel_CG6432,Dis3,Myosuppressin",65.22,25.49,2.6,0.0001,0.0002
FBgn0083966,CG34130,Dmel_CG34130,39.62,15.50,2.6,0.0001,0.0002
FBgn0031813,CG9527,Dmel_CG9527,58.70,22.97,2.6,0.0001,0.0002
FBgn0264296,CG43774,Dmel_CG43774,71.05,27.82,2.6,0.0001,0.0002
FBgn0013745,Acp98AB,Accessory gland-specific peptide 98AB,1588.79,622.07,2.6,0.0001,0.0002
FBgn0053673,CG33673,Dmel_CG33673,3.82,1.50,2.6,0.0002,0.0007
FBgn0035090,CG2736,Dmel_CG2736,70.15,27.55,2.5,0.0001,0.0002
FBgn0050424,CG30424,Dmel_CG30424,14.83,5.83,2.5,0.0001,0.0002
FBgn0036428,CG9238,Dmel_CG9238,125.39,49.40,2.5,0.0001,0.0002
"FBgn0051265,FBgn0051269","CG31265,CG31269","Dmel_CG31265,Dmel_CG31269",16.26,6.41,2.5,0.0001,0.0002
FBgn0024290,Slob,Slowpoke binding protein,24.72,9.74,2.5,0.0001,0.0002
FBgn0040097,lectin-30A,Dmel_CG17011,200.07,78.92,2.5,0.0001,0.0002
FBgn0014031,Spat,Serine pyruvate aminotransferase,37.44,14.78,2.5,0.0001,0.0002
FBgn0003965,v,vermilion,22.02,8.70,2.5,0.0001,0.0002
"FBgn0035076,FBgn0263443","Ance-5,CR43466","Dmel_CG10142,Dmel_CR43466",14.62,5.78,2.5,0.0012,0.0044
FBgn0039759,CG9733,Dmel_CG9733,1.30,0.51,2.5,0.0012,0.0046
"FBgn0051016,FBgn0051017","CG31016,PH4alphaNE3","Dmel_CG31016,prolyl-4-hydroxylase-alpha NE3",40.65,16.09,2.5,0.0001,0.0002
FBgn0039784,CG9698,Dmel_CG9698,1.45,0.58,2.5,0.0004,0.0017
FBgn0029821,CG4020,Dmel_CG4020,22.14,8.77,2.5,0.0001,0.0002
FBgn0023178,Pdf,Pigment dispersing factor,19.21,7.62,2.5,0.0001,0.0002
FBgn0264822,CR44030,Dmel_CR44030,15.67,6.21,2.5,0.0001,0.0002
FBgn0039048,CG17111,Dmel_CG17111,15.54,6.16,2.5,0.0001,0.0002
FBgn0030469,CG15745,Dmel_CG15745,7.10,2.82,2.5,0.0001,0.0002
FBgn0263502,CR43491,Dmel_CR43491,7.09,2.81,2.5,0.0001,0.0002
FBgn0038774,CG5023,Dmel_CG5023,114.56,45.48,2.5,0.0001,0.0002
"FBgn0052815,FBgn0040340","CG32815,TRAM","Dmel_CG32815,TRAM",26.44,10.50,2.5,0.0001,0.0002
"FBgn0034758,FBgn0034759,FBgn0260767","CG13510,CG13511,CG42565","Dmel_CG13510,Dmel_CG13511,Dmel_CG42565",69.15,27.51,2.5,0.0001,0.0002
FBgn0039419,CG12290,Dmel_CG12290,11.35,4.52,2.5,0.0001,0.0002
"FBgn0036738,FBgn0259174","CG7542,Nedd4","Dmel_CG7542,Nedd4",206.09,82.04,2.5,0.0001,0.0002
"FBgn0023507,FBgn0004654","CG3835,Pgd","Dmel_CG3835,Phosphogluconate dehydrogenase",159.61,63.54,2.5,0.0001,0.0002
FBgn0250835,CG15394,Dmel_CG15394,108.78,43.31,2.5,0.0001,0.0002
FBgn0036880,Cpr76Bc,Cuticular protein 76Bc,2.37,0.95,2.5,0.0001,0.0002
FBgn0030984,tgy,twiggy,3.50,1.41,2.5,0.0001,0.0002
FBgn0031362,CG17646,Dmel_CG17646,73.80,29.66,2.5,0.0001,0.0002
FBgn0034887,St1,Sulfotransferase 1,7.13,2.86,2.5,0.0001,0.0002
FBgn0040250,Ugt86Dj,Dmel_CG15902,4.05,1.63,2.5,0.0001,0.0002
FBgn0034160,CG5550,Dmel_CG5550,3.57,1.44,2.5,0.0017,0.0061
"FBgn0036796,FBgn0036795,FBgn0265268,FBgn0052199,FBgn0052201","CG18231,CG18233,CG18234,CG32199,CG32201","Dmel_CG18231,Dmel_CG18233,Dmel_CG18234,Dmel_CG32199,Dmel_CG32201",133.19,53.63,2.5,0.0001,0.0002
FBgn0039849,"CG11334,lox",Dmel_CG11334,36.74,14.80,2.5,0.0001,0.0002
"FBgn0259144,FBgn0003638","CG42259,su(w[a])","Dmel_CG42259,suppressor of white-apricot",49.31,19.90,2.5,0.0001,0.0002
FBgn0001112,Gld,Glucose dehydrogenase,32.55,13.14,2.5,0.0001,0.0002
FBgn0038702,CG3739,Dmel_CG3739,86.66,35.01,2.5,0.0001,0.0005
FBgn0032033,CG13392,Dmel_CG13392,8.18,3.30,2.5,0.0001,0.0002
FBgn0003462,Sod,Superoxide dismutase,243.69,98.52,2.5,0.0001,0.0002
FBgn0037534,CG2781,Dmel_CG2781,61.95,25.09,2.5,0.0001,0.0002
FBgn0001089,Gal,beta galactosidase,30.47,12.36,2.5,0.0001,0.0002
FBgn0004879,plx,pollux,31.11,12.64,2.5,0.0001,0.0002
"FBgn0262143,FBgn0262144,FBgn0261060","CG42869,CG42870,Sfp93F","Dmel_CG42869,Dmel_CG42870,Seminal fluid protein 93F",247.04,100.44,2.5,0.0001,0.0002
FBgn0086909,CG31751,Dmel_CG31751,36.24,14.74,2.5,0.0001,0.0002
FBgn0085242,CG34213,Dmel_CG34213,6.15,2.50,2.5,0.0012,0.0044
FBgn0010105,comm,commissureless,5.90,2.40,2.5,0.0001,0.0002
FBgn0027552,CG10863,Dmel_CG10863,190.67,77.75,2.5,0.0001,0.0002
FBgn0031762,CG9098,Dmel_CG9098,1.57,0.64,2.4,0.0001,0.0002
FBgn0035586,CG10671,Dmel_CG10671,31.35,12.82,2.4,0.0001,0.0002
FBgn0030051,spirit,Serine Protease Immune Response Integrator,3.02,1.24,2.4,0.0001,0.0002
FBgn0265081,Fancl,Fancl,14.62,6.01,2.4,0.0001,0.0002
FBgn0026602,Ady43A,Dmel_CG1851,9.10,3.75,2.4,0.0001,0.0002
FBgn0036320,CG10943,Dmel_CG10943,5.76,2.37,2.4,0.0001,0.0002
FBgn0030362,regucalcin,Dmel_CG1803,129.59,53.55,2.4,0.0001,0.0002
FBgn0033659,Damm,Death associated molecule related to Mch2,30.52,12.62,2.4,0.0001,0.0002
FBgn0039311,CG10513,Dmel_CG10513,193.53,80.16,2.4,0.0001,0.0002
FBgn0038613,Vha100-4,Vacuolar H+ ATPase 100kD subunit 4,8.44,3.50,2.4,0.0001,0.0002
FBgn0264857,iab-8,iab-8 non-coding RNA,3.51,1.46,2.4,0.0001,0.0002
FBgn0039591,CG9988,Dmel_CG9988,1.21,0.50,2.4,0.0002,0.0007
FBgn0029975,CG1444,Dmel_CG1444,166.42,69.20,2.4,0.0001,0.0002
FBgn0032336,Ast-C,Allatostatin C,23.49,9.77,2.4,0.0001,0.0002
FBgn0036272,CG4300,Dmel_CG4300,47.35,19.72,2.4,0.0001,0.0002
FBgn0030731,Mfe2,peroxisomal Multifunctional enzyme type 2,57.16,23.82,2.4,0.0001,0.0002
FBgn0050489,Cyp12d1-p,"Probable cytochrome P450 12d1 proximal, mitochondrial",3.15,1.31,2.4,0.0001,0.0002
FBgn0010768,sqz,squeeze,1.27,0.53,2.4,0.0001,0.0002
FBgn0010246,Myo61F,Myosin 61F,51.39,21.47,2.4,0.0001,0.0002
FBgn0039485,CG17189,Dmel_CG17189,27.65,11.56,2.4,0.0001,0.0002
FBgn0050431,CG30431,Dmel_CG30431,7.83,3.28,2.4,0.0001,0.0002
FBgn0040992,CG10570,Dmel_CG10570,1246.41,521.74,2.4,0.0001,0.0002
FBgn0034406,Jheh3,Juvenile hormone epoxide hydrolase 3,45.45,19.04,2.4,0.0001,0.0002
FBgn0262786,CG43167,Dmel_CG43167,6.94,2.91,2.4,0.0005,0.0019
FBgn0036203,Muc68D,Dmel_CG6004,110.88,46.61,2.4,0.0001,0.0002
FBgn0038067,CG11598,Dmel_CG11598,51.45,21.64,2.4,0.0001,0.0002
FBgn0027843,CAH2,Carbonic anhydrase 2,71.50,30.11,2.4,0.0001,0.0002
FBgn0010225,"Gel,abs",Gelsolin,143.10,60.28,2.4,0.0001,0.0002
FBgn0003145,prd,paired,8.08,3.41,2.4,0.0001,0.0002
FBgn0030638,CG11655,Dmel_CG11655,8.96,3.78,2.4,0.0001,0.0005
FBgn0034390,CG15093,"Probable 3-hydroxyisobutyrate dehydrogenase, mitochondrial",33.28,14.06,2.4,0.0001,0.0002
FBgn0033483,egr,eiger,18.60,7.86,2.4,0.0001,0.0002
"FBgn0033693,FBgn0025454,FBgn0033697,FBgn0033692","CG13175,Cyp6g1,Cyp6t3,wash","Dmel_CG13175,Cyp6g1,Cyp6t3,washout",391.51,165.57,2.4,0.0001,0.0002
FBgn0033067,CG11211,Dmel_CG11211,48.61,20.58,2.4,0.0001,0.0002
FBgn0262621,CG43145,Dmel_CG43145,94.38,39.97,2.4,0.0001,0.0002
"FBgn0037678,FBgn0037679","CG16749,CG8866","Dmel_CG16749,Dmel_CG8866",59.92,25.43,2.4,0.0001,0.0002
FBgn0039045,CG17119,Dmel_CG17119,22.91,9.73,2.4,0.0001,0.0002
FBgn0031937,CG13795,Dmel_G13795,15.57,6.62,2.4,0.0001,0.0002
FBgn0015584,Acp53Ea,Accessory gland-specific peptide 53Ea,1188.91,507.57,2.3,0.0001,0.0002
FBgn0042110,CG18765,Dmel_CG18765,1.95,0.83,2.3,0.0005,0.0021
FBgn0051547,CG31547,Dmel_CG31547,21.91,9.37,2.3,0.0001,0.0002
"FBgn0039116,FBgn0039114","CG10375,Lsd-1","Dmel_CG10375,Lipid storage droplet-1",179.41,76.81,2.3,0.0001,0.0002
FBgn0085205,CG34176,Dmel_CG34176,18.57,7.95,2.3,0.0001,0.0002
FBgn0038490,CG5285,Dmel_CG5285,2.24,0.96,2.3,0.0016,0.0058
FBgn0035734,CG14823,Dmel_CG14823,24.69,10.61,2.3,0.0001,0.0002
FBgn0032494,CG5945,Dmel_CG5945,272.78,117.36,2.3,0.0001,0.0002
FBgn0031373,CG15358,Dmel_CG15358,4.92,2.12,2.3,0.0001,0.0002
FBgn0015040,Cyp9c1,Cytochrome P450-9c1,16.96,7.31,2.3,0.0001,0.0002
FBgn0033421,CG1888,Dmel_CG1888,10.92,4.71,2.3,0.0001,0.0002
FBgn0003053,peb,pebbled,4.68,2.02,2.3,0.0004,0.0017
FBgn0053514,CG33514,Dmel_CG33514,27.11,11.73,2.3,0.0001,0.0002
FBgn0033871,CG13339,Dmel_CG13339,15.12,6.55,2.3,0.0001,0.0002
FBgn0039670,CG7567,Dmel_CG7567,24.57,10.68,2.3,0.0001,0.0002
FBgn0038252,CG3509,Dmel_CG3509,10.00,4.35,2.3,0.0001,0.0002
FBgn0031299,CG4629,Dmel_CG4629,8.43,3.67,2.3,0.0001,0.0002
FBgn0032085,CG9555,Dmel_CG9555,13.40,5.83,2.3,0.0001,0.0002
FBgn0000533,ea,easter,4.46,1.94,2.3,0.0001,0.0002
FBgn0000577,en,engrailed,1.22,0.53,2.3,0.0002,0.0009
FBgn0038243,CG8066,Dmel_CG8066,32.87,14.40,2.3,0.0001,0.0002
FBgn0034879,Rrp4,Dmel_CG3931,3.58,1.57,2.3,0.0001,0.0005
"FBgn0037186,FBgn0010830","CG11241,l(3)04053","Dmel_CG11241,lethal (3) 04053",12.60,5.55,2.3,0.0003,0.0011
FBgn0030581,CG14408,Dmel_CG14408,10.83,4.77,2.3,0.0001,0.0002
FBgn0051266,CG31266,Dmel_CG31266,15.18,6.69,2.3,0.0001,0.0002
FBgn0030914,CG6106,Dmel_CG6106,1.79,0.79,2.3,0.0001,0.0002
FBgn0260798,Gprk1,G protein-coupled receptor kinase 1,30.46,13.45,2.3,0.0001,0.0002
FBgn0085415,CG34386,Dmel_CG34386,2.27,1.00,2.3,0.0001,0.0002
FBgn0038143,CG9813,Dmel_CG9813,56.29,24.93,2.3,0.0027,0.0094
FBgn0035102,CG7049,Dmel_CG7049,9.27,4.11,2.3,0.0001,0.0002
"FBgn0000121,FBgn0035921","Arr2,CG13305","Arrestin 2,Dmel_CG13305",796.18,352.92,2.3,0.0001,0.0002
FBgn0030976,CG7378,Dmel_CG7378,123.32,54.76,2.3,0.0001,0.0002
FBgn0040507,ACXD,Dmel_CG5712,5.44,2.42,2.2,0.0001,0.0002
FBgn0029768,SPR,Sex peptide receptor,3.48,1.55,2.2,0.0002,0.0009
FBgn0034436,CG11961,Dmel_CG11961,27.99,12.46,2.2,0.0001,0.0002
FBgn0033786,CG3884,Dmel_CG3884,45.54,20.31,2.2,0.0001,0.0002
FBgn0036778,Cyp312a1,Probable cytochrome P450 312a1,187.50,83.64,2.2,0.0001,0.0002
"FBgn0043535,FBgn0043534,FBgn0034509","Obp57a,Obp57b,Obp57c","Odorant-binding protein 57a,Odorant-binding protein 57b,Odorant-binding protein 57c",235.67,105.29,2.2,0.0001,0.0002
FBgn0035401,CG1291,Dmel_CG1291,11.97,5.36,2.2,0.0001,0.0002
FBgn0035043,CG4781,Dmel_CG4781,16.10,7.21,2.2,0.0001,0.0002
FBgn0036826,CG3893,Dmel_CG3893,5.70,2.56,2.2,0.0001,0.0002
FBgn0030522,CG11103,TM2 domain-containing protein CG11103,5.44,2.44,2.2,0.0001,0.0002
FBgn0011693,Pdh,Photoreceptor dehydrogenase,267.29,120.01,2.2,0.0001,0.0002
FBgn0032897,CG9336,Dmel_CG9336,286.23,128.53,2.2,0.0001,0.0002
FBgn0037070,"CG11309,Pc",Dmel_CG11309,72.54,32.58,2.2,0.0001,0.0002
FBgn0039697,CG7834,Dmel_CG7834,58.67,26.36,2.2,0.0001,0.0002
FBgn0039737,CG7920,Dmel_CG7920,399.46,179.58,2.2,0.0001,0.0002
FBgn0026361,Sep5,Septin 5,1.41,0.63,2.2,0.0008,0.0032
FBgn0034742,CG4294,Dmel_CG4294,16.23,7.31,2.2,0.0001,0.0002
FBgn0033246,ACC,Acetyl-CoA carboxylase,124.04,55.88,2.2,0.0001,0.0002
"FBgn0259955,FBgn0259956","CG42465,Sfp24C1","Dmel_CG42465,Seminal fluid protein 24C1",74.60,33.63,2.2,0.0001,0.0002
"FBgn0032170,FBgn0263766","CG4658,CR43683","Dmel_CG4658,Dmel_CR43683",38.74,17.46,2.2,0.0001,0.0002
FBgn0034387,Cyp12b2,"Probable cytochrome P450 12b2, mitochondrial",33.67,15.18,2.2,0.0001,0.0002
FBgn0038076,Cyp313a4,Probable cytochrome P450 313a4,4.73,2.13,2.2,0.0001,0.0002
FBgn0038984,AdipoR,Adiponectin receptor,239.98,108.25,2.2,0.0001,0.0002
FBgn0034659,CG4021,Dmel_CG4021,42.99,19.42,2.2,0.0001,0.0002
FBgn0031440,CG15395,Dmel_CG15395,7.87,3.56,2.2,0.0001,0.0002
FBgn0036768,CG7402,Dmel_CG7402,3.75,1.70,2.2,0.0001,0.0002
FBgn0262843,CG43207,Dmel_CG43207,9.63,4.36,2.2,0.0002,0.0007
FBgn0029894,CG14440,Dmel_CG14440,4.80,2.18,2.2,0.0001,0.0002
FBgn0050373,CG30373,Dmel_CG30373,24.82,11.26,2.2,0.0001,0.0002
FBgn0037100,capaR,capa receptor,3.27,1.48,2.2,0.0001,0.0002
"FBgn0085320,FBgn0040606","CG34291,CG6503","Dmel_CG34291,Dmel_CG6503",1171.03,531.57,2.2,0.0001,0.0002
FBgn0036824,CG3902,Dmel_CG3902,87.78,39.86,2.2,0.0001,0.0002
FBgn0031814,retm,real-time,35.94,16.32,2.2,0.0001,0.0002
FBgn0036489,CG7011,Dmel_CG7011,9.17,4.17,2.2,0.0009,0.0034
FBgn0003900,twi,twist,2.51,1.14,2.2,0.0001,0.0002
FBgn0035003,CG15873,Dmel_CG15873,17.26,7.86,2.2,0.0001,0.0002
"FBgn0262009,FBgn0262010","CG42827,CG42828","Dmel_CG42827,Dmel_CG42828",123.75,56.42,2.2,0.0001,0.0002
FBgn0032495,CG16820,Dmel_CG16820,45.89,20.97,2.2,0.0001,0.0002
FBgn0034438,CG9416,Dmel_CG9416,25.14,11.49,2.2,0.0001,0.0002
FBgn0053080,CG33080,Dmel_CG33080,20.16,9.22,2.2,0.0001,0.0002
FBgn0038857,CG17282,Dmel_CG17282,11.86,5.43,2.2,0.0001,0.0002
FBgn0031617,CG15635,Dmel_CG15635,49.70,22.76,2.2,0.0001,0.0002
FBgn0031449,CG31689,Dmel_CG31689,59.02,27.03,2.2,0.0001,0.0002
FBgn0002931,net,Dmel_CG11450,8.89,4.08,2.2,0.0001,0.0002
FBgn0000492,Dr,Drop,2.35,1.08,2.2,0.0001,0.0002
FBgn0259966,Sfp51E,Seminal fluid protein 51E,128.66,59.08,2.2,0.0001,0.0002
FBgn0010223,Galpha73B,G protein alpha 73B,9.24,4.25,2.2,0.0001,0.0002
FBgn0030396,CG2556,Dmel_CG2556,17.18,7.92,2.2,0.0001,0.0002
FBgn0038129,CG8449,Dmel_CG8449,12.58,5.80,2.2,0.0001,0.0002
FBgn0261278,Grp,grapes,4.65,2.14,2.2,0.0001,0.0002
FBgn0259099,DCX-EMAP,Doublecortin-domain-containing echinoderm-microtubule-associated protein ortholog,1.45,0.67,2.2,0.0001,0.0002
FBgn0023514,CG14805,Dmel_CG14805,8.81,4.07,2.2,0.0020,0.0071
FBgn0000500,Dsk,Drosulfakinin,26.47,12.24,2.2,0.0001,0.0002
FBgn0259916,CG42445,Dmel_CG42445,7.25,3.35,2.2,0.0001,0.0002
"FBgn0040666,FBgn0035060,FBgn0027590","CG12848,Eps-15,GstE12","Dmel_CG12848,Epidermal growth factor receptor pathway substrate clone 15,Glutathione S transferase E12",394.82,182.87,2.2,0.0001,0.0002
FBgn0263323,CG43404,Dmel_CG43404,18.27,8.47,2.2,0.0001,0.0002
FBgn0038897,CG5849,Dmel_CG5849,6.77,3.14,2.2,0.0001,0.0002
FBgn0032266,CG18302,Dmel_CG18302,8.90,4.13,2.2,0.0001,0.0002
FBgn0031397,CG15385,Dmel_CG15385,10.42,4.85,2.2,0.0001,0.0002
FBgn0028949,CG15254,Dmel_CG15254,9.63,4.48,2.1,0.0001,0.0002
FBgn0265087,CR44198,Dmel_CR44198,13.27,6.18,2.1,0.0004,0.0017
FBgn0040349,CG3699,Dmel_CG3699,50.88,23.72,2.1,0.0001,0.0002
FBgn0262099,CG42852,Dmel_CG42852,2709.97,1263.50,2.1,0.0001,0.0002
FBgn0034262,swi2,Protein singed wings 2,9.17,4.28,2.1,0.0003,0.0013
FBgn0264746,CG44004,Dmel_CG44004,2.17,1.01,2.1,0.0007,0.0028
FBgn0029810,CG12239,Dmel_CG12239,39.63,18.53,2.1,0.0001,0.0002
FBgn0037498,CG10029,Dmel_CG10029,23.51,10.99,2.1,0.0001,0.0002
FBgn0050052,Obp49a,Odorant-binding protein 49a,48.47,22.73,2.1,0.0001,0.0002
"FBgn0036212,FBgn0036211","CG11597,CG5946","Serine/threonine protein phosphatase,Dmel_CG5946",200.39,94.02,2.1,0.0001,0.0002
FBgn0031876,Atac1,ATAC component 1,4.63,2.17,2.1,0.0001,0.0005
FBgn0029502,COQ7,Dmel_CG14437,28.85,13.55,2.1,0.0001,0.0002
FBgn0024957,Irp-1B,Iron regulatory protein 1B,79.75,37.52,2.1,0.0001,0.0002
FBgn0013763,CG5210,Dmel_CG5210,222.94,104.90,2.1,0.0001,0.0002
FBgn0036454,CG17839,Dmel_CG17839,35.18,16.60,2.1,0.0001,0.0002
FBgn0032774,CG17549,Dmel_CG17549,152.60,72.19,2.1,0.0001,0.0002
FBgn0066101,LpR1,Dmel_CG31094,52.22,24.72,2.1,0.0001,0.0002
FBgn0027074,CG17324,Dmel_CG17324,3.89,1.84,2.1,0.0001,0.0002
FBgn0036984,CG13248,Dmel_CG13248,5.97,2.83,2.1,0.0001,0.0002
"FBgn0039085,FBgn0039086","CG10170,CG16732","Dmel_CG10170,Dmel_CG16732",13.26,6.29,2.1,0.0001,0.0002
FBgn0037664,CG8420,Dmel_CG8420,53.17,25.23,2.1,0.0001,0.0002
FBgn0039092,CG16723,Dmel_CG16723,1.33,0.63,2.1,0.0006,0.0023
FBgn0261285,Ppcs,Dmel_CG5629,11.63,5.52,2.1,0.0001,0.0002
FBgn0004892,sob,sister of odd and bowl,1.31,0.62,2.1,0.0004,0.0015
FBgn0020381,Dredd,Death related ced-3/Nedd2-like protein,16.13,7.67,2.1,0.0001,0.0002
FBgn0037146,CG7470,Dmel_CG7470,82.42,39.18,2.1,0.0001,0.0002
FBgn0086704,stops,slow termination of phototransduction,6.93,3.29,2.1,0.0001,0.0002
FBgn0031630,CG15629,Dmel_CG15629,7.81,3.71,2.1,0.0001,0.0002
FBgn0052068,CG32068,Dmel_CG32068,138.16,65.85,2.1,0.0001,0.0002
FBgn0019661,roX1,RNA on the X 1,157.10,74.89,2.1,0.0001,0.0002
FBgn0031528,CG15412,Dmel_CG15412,30.91,14.75,2.1,0.0001,0.0002
FBgn0027844,CAH1,Carbonic anhydrase 1,70.10,33.50,2.1,0.0001,0.0002
FBgn0038279,CG3837,Dmel_CG3837,4.86,2.33,2.1,0.0001,0.0002
FBgn0030251,CG2145,Dmel_CG2145,42.06,20.14,2.1,0.0001,0.0002
FBgn0083965,CG34129,Dmel_CG34129,38.58,18.49,2.1,0.0001,0.0002
FBgn0037065,CG12974,Dmel_CG12974,30.04,14.40,2.1,0.0001,0.0002
FBgn0023415,Acp32CD,Accessory gland-specific peptide 32CD,125.97,60.40,2.1,0.0001,0.0002
FBgn0050075,CG30075,Dmel_CG30075,5.70,2.74,2.1,0.0003,0.0011
FBgn0040350,CG3690,Dmel_CG3690,21.87,10.50,2.1,0.0001,0.0002
FBgn0029914,CG4558,Dmel_CG4558,4.32,2.07,2.1,0.0002,0.0009
FBgn0015773,NetA,Netrin-A,2.79,1.34,2.1,0.0001,0.0002
FBgn0016076,vri,vrille,45.69,21.96,2.1,0.0001,0.0002
FBgn0042119,Cpr65Au,Cuticular protein 65Au,350.85,168.79,2.1,0.0001,0.0002
FBgn0034647,pirk,Dmel_CG15678,13.38,6.44,2.1,0.0001,0.0002
FBgn0000504,dsx,doublesex,15.89,7.66,2.1,0.0001,0.0002
FBgn0032256,RluA-2,Dmel_CG6187,3.70,1.79,2.1,0.0001,0.0002
FBgn0034563,CG15649,Dmel_CG15649,25.40,12.27,2.1,0.0001,0.0002
FBgn0050401,CG30401,Dmel_CG30401,3.06,1.48,2.1,0.0003,0.0013
FBgn0033250,CG14762,Dmel_CG14762,41.32,20.00,2.1,0.0001,0.0002
FBgn0033787,CG13321,Dmel_CG13321,36.89,17.87,2.1,0.0001,0.0002
FBgn0051901,Mur29B,Dmel_CG31901,15.28,7.40,2.1,0.0001,0.0002
FBgn0016672,Ipp,Inositol polyphosphate 1-phosphatase,25.09,12.17,2.1,0.0001,0.0002
FBgn0038693,unc79,Dmel_CG5237,12.77,6.19,2.1,0.0001,0.0002
FBgn0050172,CG30172,Dmel_CG30172,27.29,13.24,2.1,0.0010,0.0039
"FBgn0033814,FBgn0033812","CG4670,Pex13","Dmel_CG4670,Peroxin 13",59.18,28.72,2.1,0.0001,0.0002
"FBgn0031929,FBgn0031930","CG18585,CG7025","Dmel_CG18585,Dmel_CG7025",49.76,24.15,2.1,0.0001,0.0002
FBgn0004181,Peb,Protein ejaculatory bulb,3037.91,1476.24,2.1,0.0001,0.0002
FBgn0030418,CG4004,Dmel_CG4004,5.08,2.47,2.1,0.0001,0.0002
FBgn0033951,CG10139,Dmel_CG10139,11.00,5.35,2.1,0.0001,0.0002
FBgn0022720,zf30C,Zinc finger protein 30C,9.13,4.44,2.1,0.0001,0.0002
FBgn0038189,Art6,Arginine methyltransferase 6,2.03,0.99,2.1,0.0028,0.0097
FBgn0024227,ial,IplI-aurora-like kinase,2.41,1.17,2.1,0.0012,0.0044
FBgn0054054,CG34054,Dmel_CG34054,8.02,3.90,2.1,0.0006,0.0024
"FBgn0032008,FBgn0262943","CG14277,CR43262","Dmel_CG14277,Dmel_CR43262",64.37,31.35,2.1,0.0001,0.0002
FBgn0033038,CG7791,Dmel_CG7791,9.14,4.45,2.1,0.0001,0.0005
FBgn0052372,ltl,larval translucida,24.88,12.12,2.1,0.0001,0.0002
FBgn0032945,CG8665,Dmel_CG8665,27.52,13.43,2.0,0.0001,0.0002
FBgn0065035,AlkB,Dmel_CG33250,3.71,1.82,2.0,0.0001,0.0005
FBgn0000116,Argk,Arginine kinase,852.61,417.04,2.0,0.0001,0.0002
FBgn0037888,scpr-B,SCP-containing protein B,87.91,43.00,2.0,0.0001,0.0002
FBgn0050047,CG30047,Dmel_CG30047,6.05,2.96,2.0,0.0001,0.0002
FBgn0034628,Acox57D-p,acyl-Coenzyme A oxidase at 57D proximal,22.13,10.84,2.0,0.0001,0.0002
FBgn0024315,Picot,Putative inorganic phosphate cotransporter,85.42,41.91,2.0,0.0001,0.0002
FBgn0034225,veil,Dmel_CG4827,44.04,21.62,2.0,0.0001,0.0002
FBgn0017482,T3dh,Type III alcohol dehydrogenase,7.96,3.91,2.0,0.0001,0.0002
FBgn0031461,daw,dawdle,17.93,8.82,2.0,0.0001,0.0002
FBgn0038183,CG9286,Dmel_CG9286,13.13,6.46,2.0,0.0001,0.0002
FBgn0005775,Con,Connectin,5.00,2.46,2.0,0.0005,0.0021
FBgn0040582,CG5791,Dmel_CG5791,163.17,80.36,2.0,0.0013,0.0048
FBgn0037788,CG3940,Dmel_CG3940,48.50,23.89,2.0,0.0001,0.0002
FBgn0001320,kni,knirps,3.17,1.56,2.0,0.0001,0.0002
FBgn0023541,Cyp4d14,Probable cytochrome P450 4d14,18.73,9.24,2.0,0.0017,0.0061
FBgn0038201,Pk1r,Pyrokinin 1 receptor,4.26,2.10,2.0,0.0001,0.0002
FBgn0038319,mRpL9,mitochondrial ribosomal protein L9,21.83,10.77,2.0,0.0007,0.0028
FBgn0040099,lectin-28C,Dmel_CG7106,52.59,25.96,2.0,0.0001,0.0002
FBgn0264349,CR43805,Dmel_CR43805,29.85,14.74,2.0,0.0001,0.0002
FBgn0039758,CG9737,Dmel_CG9737,2.17,1.07,2.0,0.0004,0.0015
FBgn0261270,SelD,"selenide,water dikinase",9.88,4.89,2.0,0.0001,0.0002
FBgn0051380,CG31380,Dmel_CG31380,16.96,8.39,2.0,0.0001,0.0002
FBgn0030806,CG13001,Dmel_CG13001,2.14,1.06,2.0,0.0001,0.0002
"FBgn0033190,FBgn0264294","CG2137,Cyt-b5","Dmel_CG2137,Cytochrome b5",440.32,218.10,2.0,0.0001,0.0002
FBgn0031069,Pmp70,Dmel_CG12703,77.28,38.28,2.0,0.0001,0.0002
FBgn0039760,CG9682,Dmel_CG9682,39.88,19.78,2.0,0.0001,0.0002
FBgn0031682,CG5828,Dmel_CG5828,10.35,5.13,2.0,0.0001,0.0002
FBgn0052687,CG32687,Dmel_CG32687,46.78,23.22,2.0,0.0001,0.0002
FBgn0036774,mRpS26,mitochondrial ribosomal protein S26,14.26,7.09,2.0,0.0001,0.0002
FBgn0034717,CG5819,Dmel_CG5819,25.92,12.88,2.0,0.0001,0.0002
FBgn0023516,Pex5,Peroxin 5,22.00,10.95,2.0,0.0001,0.0002
FBgn0023090,dtr,defective transmitter release,15.30,7.61,2.0,0.0001,0.0002
FBgn0000459,disco,disconnected,1.75,0.87,2.0,0.0001,0.0002
"FBgn0010548,FBgn0033177,FBgn0033179","Aldh-III,CG11141,p47","Aldehyde dehydrogenase type III, Dmel_CG11141,p47",222.29,110.69,2.0,0.0001,0.0002
FBgn0035750,CG14826,Dmel_CG14826,2.43,1.21,2.0,0.0023,0.0082
FBgn0262896,CG43251,Dmel_CG43251,195.82,97.62,2.0,0.0001,0.0002
"FBgn0021979,FBgn0261363","l(2)k09913,proPO59","lethal (2) k09913,Prophenoloxidase 3",69.33,34.56,2.0,0.0001,0.0002