Supplementary Dataset 2. Differentially-expressed genes.,,,,,,,,,,,
MacMillan et al.  - Cold acclimation wholly reorganizes the Drosophila melanogaster transcriptome and metabolome ,,,,,,,,,,,
,,,,,,,,,,,
Genes only expressed in cold-acclimated flies,,,,,,,,,,,
FlyBase ID,Gene symbol,Gene name,Warm (FPKM),Cold (FPKM),Fold change,P-value,Q-value,,,,
FBgn0261567,CG42681,,0.00,4.12,inf,0.0001,0.0003,,,,
FBgn0264810,pburs,partner of burs,0.00,4.53,inf,0.0001,0.0003,,,,
FBgn0036951,CG7017,,0.00,1.61,inf,0.0001,0.0003,,,,
"FBgn0013275,FBgn0013276","Hsp70Aa,Hsp70Ab","Heat-shock-protein-70Aa,Heat-shock-protein-70Ab",0.00,1.17,inf,0.0019,0.0069,,,,
FBgn0263041,CG43336,,0.00,1.58,inf,0.0001,0.0002,,,,
,,,,,,,,,,,
Genes signfiicantly upregulated in cold-acclimated flies by more than 20-fold,,,,,,,,,,,
FlyBase ID,Gene symbol,Gene name,Warm (FPKM),Cold (FPKM),Fold change,P-value,Q-value,,,,
FBgn0052865,alphagamma-element:CR32865,Dmel_CR32865,1.02,432.68,424.4,0.0001,0.0002,,,,
FBgn0036597,CG4962,Dmel_CG4962,2.72,896.72,329.5,0.0001,0.0002,,,,
FBgn0014454,Acp1,Adult cuticle protein 1,0.68,156.77,231.2,0.0001,0.0002,,,,
FBgn0039480,Cpr97Ea,Cuticular protein 97Ea,0.18,36.42,197.1,0.0008,0.0032,,,,
FBgn0020765,Acp65Aa,Dmel_CG10297,0.65,120.60,184.1,0.0001,0.0002,,,,
FBgn0004577,Pxd,Peroxidase,0.07,12.51,183.2,0.0011,0.0043,,,,
FBgn0035281,Cpr62Bc,Cuticular protein 62Bc,0.46,83.24,181.9,0.0001,0.0002,,,,
FBgn0033308,CG8736,Dmel_CG8736,0.73,131.20,178.9,0.0001,0.0002,,,,
FBgn0028544,CG16884,Dmel_CG16884,0.94,141.02,149.6,0.0001,0.0002,,,,
FBgn0038819,Cpr92F,Cuticular protein 92F,0.71,81.34,114.1,0.0001,0.0002,,,,
FBgn0031940,CG7214,Dmel_CG7214,5.41,514.62,95.2,0.0001,0.0002,,,,
FBgn0039805,Cpr100A,Cuticular protein 100A,4.02,370.00,92.0,0.0001,0.0002,,,,
FBgn0036601,CG13063,Dmel_CG13063,0.54,41.22,75.7,0.0003,0.0013,,,,
FBgn0261341,verm,LDLa domain containing chitin binding protein 1,5.55,370.81,66.8,0.0001,0.0002,,,,
FBgn0034391,CG15080,Dmel_CG15080,0.16,9.95,60.6,0.0001,0.0002,,,,
FBgn0036590,CG13065,Dmel_CG13065,0.30,14.93,50.2,0.0009,0.0034,,,,
FBgn0262951,CR43270,Dmel_CR43270,0.31,15.45,49.6,0.0005,0.0021,,,,
FBgn0028938,CG16886,Dmel_CG16886,0.24,11.75,48.9,0.0004,0.0017,,,,
FBgn0032538,CG16885,Dmel_CG16885,2.52,123.27,48.9,0.0001,0.0002,,,,
FBgn0052279,Drsl2,Drosomycin-like 2,1.10,48.37,44.1,0.0026,0.0091,,,,
FBgn0051354,Hsp70Bbb,Major heat shock 70 kDa protein Bbb,0.30,12.91,43.2,0.0001,0.0002,,,,
FBgn0001311,kkv,krotzkopf verkehrt,1.48,60.40,40.7,0.0001,0.0002,,,,
FBgn0031942,CG7203,Dmel_CG7203,27.75,1100.69,39.7,0.0001,0.0002,,,,
FBgn0040359,CG11380,Dmel_CG11380,0.09,3.49,39.3,0.0002,0.0007,,,,
FBgn0260653,serp,serpentine,4.33,169.95,39.2,0.0001,0.0002,,,,
FBgn0036589,CG13067,Dmel_CG13067,15.13,569.14,37.6,0.0001,0.0002,,,,
FBgn0026077,Gasp,Dmel_CG10287,13.01,485.95,37.3,0.0001,0.0002,,,,
FBgn0037761,CG8534,Dmel_CG8534,0.75,27.24,36.3,0.0001,0.0002,,,,
FBgn0040637,CG11458,Dmel_CG11458,2.92,105.68,36.2,0.0001,0.0002,,,,
FBgn0000047,Act88F,Actin 88F,90.20,3258.53,36.1,0.0001,0.0002,,,,
FBgn0002562,Lsp1alpha,Larval serum protein 1 alpha,0.12,4.46,36.0,0.0001,0.0002,,,,
FBgn0036147,Plod,procollagen lysyl hydroxylase,9.33,317.70,34.1,0.0001,0.0002,,,,
FBgn0035412,CG14957,Dmel_CG14957,1.37,42.70,31.2,0.0001,0.0002,,,,
FBgn0039481,Cpr97Eb,Cuticular protein 97Eb,6.06,186.08,30.7,0.0001,0.0002,,,,
FBgn0039684,Obp99d,Odorant-binding protein 99d,2.11,57.75,27.3,0.0001,0.0002,,,,
FBgn0001256,ImpL1,Ecdysone-inducible gene L1,0.19,4.82,25.9,0.0001,0.0002,,,,
FBgn0035844,CG13676,Dmel_CG13676,0.82,20.86,25.4,0.0001,0.0002,,,,
FBgn0038180,Cht5,Dmel_CG9307,1.97,49.63,25.2,0.0001,0.0002,,,,
FBgn0085246,CG34217,Dmel_CG34217,0.98,22.23,22.7,0.0001,0.0002,,,,
FBgn0010038,GstD2,Glutathione S transferase D2,11.36,252.68,22.2,0.0001,0.0002,,,,
FBgn0032860,CG15130,Dmel_CG15130,0.62,13.33,21.7,0.0001,0.0002,,,,
,,,,,,,,,,,
,,,,,,,,,,,
,,,,,,,,,,,
Genes signfiicantly upregulated in cold-acclimated flies by 5 to 20-fold,,,,,,,,,,,
FlyBase ID,Gene symbol,Gene name,Warm (FPKM),Cold (FPKM),Fold change,P-value,Q-value,,,,
FBgn0034974,CG16786,Dmel_CG16786,2.65,52.89,19.9,0.0001,0.0002,,,,
FBgn0015035,Cyp4e3,Cytochrome P450-4e3,10.20,196.59,19.3,0.0001,0.0002,,,,
FBgn0086708,Spn100A,starvin,0.28,5.29,19.1,0.0001,0.0002,,,,
FBgn0002440,l(3)mbn,lethal (3) malignant blood neoplasm,0.10,1.91,19.1,0.0003,0.0013,,,,
FBgn0027600,obst-B,obstructor-B,2.64,50.09,19.0,0.0001,0.0002,,,,
"FBgn0052220,FBgn0005633","Csas,fln","CMP-sialic acid synthase,flightin",164.62,3118.69,18.9,0.0001,0.0002,,,,
FBgn0003089,pip,pipe,0.93,16.99,18.3,0.0001,0.0002,,,,
FBgn0046875,Obp83g,Odorant-binding protein 83g,1.07,19.35,18.1,0.0001,0.0002,,,,
FBgn0261925,CG42792,,0.72,12.84,17.7,0.0019,0.0067,,,,
FBgn0033667,CG13183,Dmel_CG13183,0.36,6.27,17.5,0.0001,0.0002,,,,
FBgn0260011,nimC4,nimrod C4,1.92,33.32,17.4,0.0001,0.0002,,,,
FBgn0036044,CG14168,Dmel_CG14168,2.82,47.83,17.0,0.0001,0.0002,,,,
FBgn0030171,Cht6,Dmel_CG2989,1.23,20.37,16.6,0.0001,0.0002,,,,
FBgn0039728,CG7896,Dmel_CG7896,0.64,10.44,16.4,0.0001,0.0002,,,,
FBgn0028537,CG31775,Dmel_CG31775,0.17,2.80,16.2,0.0020,0.0071,,,,
FBgn0041579,AttC,Attacin-C,2.15,34.77,16.1,0.0001,0.0002,,,,
FBgn0033668,CG13188,Dmel_CG13188,0.86,13.65,15.9,0.0001,0.0002,,,,
FBgn0002564,Lsp1gamma,Larval serum protein 1 gamma,1.98,31.47,15.9,0.0001,0.0002,,,,
FBgn0033725,Cpr49Ac,Cuticular protein 49Ac,0.34,5.24,15.3,0.0001,0.0002,,,,
FBgn0052496,CG6788,Dmel_CG6788,0.90,13.69,15.3,0.0001,0.0002,,,,
FBgn0033355,CG13748,Dmel_CG13748,0.44,6.69,15.2,0.0002,0.0007,,,,
FBgn0035553,CG13722,Dmel_CG13722,1.40,20.31,14.6,0.0001,0.0002,,,,
FBgn0035398,Cht7,Dmel_CG1869,1.95,27.91,14.3,0.0001,0.0002,,,,
FBgn0033869,Cpr50Cb,Cuticular protein 50Cb,0.53,7.19,13.7,0.0001,0.0002,,,,
FBgn0033592,CG13215,Dmel_CG13215,1.73,23.22,13.4,0.0001,0.0002,,,,
FBgn0035427,ckd,Dmel_CG14959,1.80,23.75,13.2,0.0001,0.0002,,,,
FBgn0025680,Cry,cryptochrome,2.36,30.57,12.9,0.0001,0.0002,,,,
FBgn0086348,se,sepia,2.82,35.78,12.7,0.0001,0.0002,,,,
FBgn0001229,Hsp67Bc,Heat shock gene 67Bc,3.77,45.73,12.1,0.0001,0.0002,,,,
FBgn0034785,CG3649,Dmel_CG3649,0.24,2.82,12.0,0.0006,0.0023,,,,
FBgn0000092,CG2650,Circadian clock-controlled protein,1.34,15.92,11.9,0.0001,0.0002,,,,
FBgn0042201,Nplp3,Neuropeptide-like precursor 3,646.27,7439.24,11.5,0.0001,0.0002,,,,
FBgn0001234,Hsromega,Heat shock RNA omega,117.78,1274.55,10.8,0.0001,0.0002,,,,
FBgn0040843,CG15213,Dmel_CG15213,6.57,70.83,10.8,0.0001,0.0002,,,,
FBgn0034624,CG17974,Dmel_CG17974,0.73,7.82,10.7,0.0001,0.0002,,,,
FBgn0003015,osk,oskar,0.13,1.33,10.5,0.0008,0.0032,,,,
FBgn0039482,CG14258,Dmel_CG14258,0.30,3.11,10.3,0.0002,0.0009,,,,
FBgn0053469,CG33469,Dmel_CG33469,0.36,3.58,9.9,0.0025,0.0087,,,,
FBgn0035176,CG13905,Dmel_CG13905,16.00,157.21,9.8,0.0001,0.0002,,,,
FBgn0051057,stv,Microtubule-associated protein,26.92,256.75,9.6,0.0001,0.0002,,,,
FBgn0031471,CG3117,Dmel_CG3117,0.43,4.01,9.4,0.0001,0.0002,,,,
FBgn0035539,slow,slowdown,3.89,36.14,9.3,0.0001,0.0002,,,,
FBgn0038126,CG8483,Dmel_CG8483,1.93,17.77,9.2,0.0001,0.0002,,,,
FBgn0004240,Dpt,Diptericin,2.20,19.36,8.8,0.0001,0.0002,,,,
FBgn0033207,CG12826,Dmel_CG12826,1.34,11.73,8.8,0.0001,0.0002,,,,
FBgn0036563,CG13075,Dmel_CG13075,1.77,15.12,8.5,0.0001,0.0005,,,,
FBgn0040972,CG16978,Dmel_CG16978,62.68,528.13,8.4,0.0001,0.0002,,,,
FBgn0042187,CG17234,Dmel_CG17234,0.33,2.74,8.3,0.0007,0.0028,,,,
FBgn0054040,CG34040,Dmel_CG34040,15.07,123.31,8.2,0.0001,0.0002,,,,
FBgn0001224,Hsp23,Heat shock protein 23,33.71,275.40,8.2,0.0001,0.0002,,,,
FBgn0052499,Cda4,Dmel_CG32499,1.42,11.46,8.0,0.0001,0.0002,,,,
FBgn0002773,Mlc2,Myosin light chain 2,551.51,4386.58,8.0,0.0001,0.0002,,,,
FBgn0001075,ft,fat,0.49,3.87,7.9,0.0001,0.0002,,,,
FBgn0028573,prc,pericardin,0.23,1.78,7.7,0.0001,0.0002,,,,
FBgn0034253,CG10936,Dmel_CG10936,3.48,26.65,7.6,0.0001,0.0002,,,,
FBgn0034217,laccase2,Lethal hybrid rescue,7.38,55.25,7.5,0.0001,0.0002,,,,
FBgn0033724,CG8501,Dmel_CG8501,1.04,7.73,7.4,0.0001,0.0002,,,,
FBgn0040343,CG3713,Dmel_CG3713,4.25,30.22,7.1,0.0007,0.0026,,,,
FBgn0010226,GstS1,Glutathione S transferase S1,259.79,1845.35,7.1,0.0001,0.0002,,,,
FBgn0039593,CG9989,Dmel_CG9989,3.49,24.25,7.0,0.0001,0.0002,,,,
FBgn0053465,CG33465,Dmel_CG33465,0.36,2.48,6.9,0.0001,0.0002,,,,
FBgn0259973,Sfp79B,Seminal fluid protein 79,17.65,120.33,6.8,0.0001,0.0002,,,,
FBgn0040091,Ugt58Fa,Dmel_CG4414,3.27,22.25,6.8,0.0001,0.0002,,,,
FBgn0000567,Eip74EF,Ecdysone-induced protein 74EF,3.61,24.49,6.8,0.0001,0.0002,,,,
FBgn0260430,CG42525,,0.21,1.44,6.8,0.0004,0.0015,,,,
FBgn0031926,CG6739,Dmel_CG6739,1.21,8.01,6.6,0.0001,0.0002,,,,
FBgn0033027,TpnC4,Troponin C isoform 4,309.61,2043.41,6.6,0.0001,0.0002,,,,
FBgn0052368,CG32368,Dmel_CG32368,10.82,70.74,6.5,0.0001,0.0002,,,,
FBgn0032337FBgn0032337H38A18:H58A9:H58A24A43:H58,Ast-CC,Dmel_CG14920,0.55,3.60,6.5,0.0001,0.0002,,,,
FBgn0037396,CG11459,Dmel_CG11459,9.95,64.90,6.5,0.0001,0.0002,,,,
FBgn0036992,CG11796,Dmel_CG11796,65.23,425.07,6.5,0.0001,0.0002,,,,
FBgn0001321,knk,knickkopf,2.98,19.34,6.5,0.0001,0.0002,,,,
FBgn0033353,CG13749,Dmel_CG13749,1.58,10.19,6.4,0.0001,0.0002,,,,
FBgn0010388,Dro,Drosocin,0.39,2.47,6.4,0.0013,0.0049,,,,
FBgn0038450,CG17560,Dmel_CG17560,47.74,297.73,6.2,0.0006,0.0024,,,,
FBgn0051973,Cda5,Dmel_CG31973,13.06,81.45,6.2,0.0001,0.0002,,,,
FBgn0058198,CG40198,Dmel_CG40198,16.07,99.81,6.2,0.0001,0.0002,,,,
FBgn0036603,CG13062,Dmel_CG13062,0.41,2.56,6.2,0.0008,0.0030,,,,
FBgn0051410,Npc2e,Dmel_CG31410,1.86,11.26,6.1,0.0001,0.0002,,,,
FBgn0022770,Peritrophin-A,Peritrophin A,1.94,11.62,6.0,0.0001,0.0002,,,,
FBgn0037762,eloF,elongase F,1.02,6.10,6.0,0.0001,0.0002,,,,
FBgn0085294,CG34265,Dmel_CG34265,1.45,8.56,5.9,0.0003,0.0011,,,,
FBgn0053978,CG33978,Dmel_CG33978,6.20,36.43,5.9,0.0001,0.0002,,,,
FBgn0037424,Osi15,Osiris 15,0.34,1.99,5.9,0.0002,0.0007,,,,
FBgn0016930,smi35A,smell impaired 35A,19.29,111.08,5.8,0.0001,0.0002,,,,
FBgn0262846,CG43210,,0.48,2.74,5.8,0.0013,0.0049,,,,
FBgn0036410,CG8100,Dmel_CG8100,0.28,1.58,5.7,0.0001,0.0002,,,,
FBgn0039807,CG15546,Dmel_CG15546,7.09,40.00,5.6,0.0001,0.0002,,,,
"FBgn0085323,FBgn0002772,FBgn0266579","CG34294,Mlc1,tau","Dmel_CG34294,Myosin alkali light chain 1,tau",713.18,4019.71,5.6,0.0001,0.0002,,,,
FBgn0010812,unc-45,unc-45,13.18,73.51,5.6,0.0001,0.0002,,,,
FBgn0040735,"CG16836,IM3","Dmel_CG16836,Immune induced molecule 3",1251.73,6976.34,5.6,0.0001,0.0002,,,,
FBgn0053093,CG33093,Dmel_CG33093,0.34,1.89,5.5,0.0005,0.0021,,,,
FBgn0264549,CR43928,Dmel_CR43928,0.90,4.91,5.5,0.0001,0.0002,,,,
FBgn0046878,Obp83cd,Odorant-binding protein 83cd,1.26,6.76,5.4,0.0001,0.0002,,,,
"FBgn0034215,FBgn0034217","CG4802,Lhr","Putative S-methyl-5'-thioadenosine phosphorylase,Lethal hybrid rescue",31.90,170.61,5.3,0.0001,0.0002,,,,
FBgn0001230,Hsp68,Heat shock protein 68,19.82,104.07,5.3,0.0001,0.0002,,,,
FBgn0085411,CG34382,Dmel_CG34382,0.24,1.24,5.2,0.0029,0.0099,,,,
FBgn0030763,CG9782,Dmel_CG9782,2.82,14.77,5.2,0.0001,0.0002,,,,
FBgn0031971,CG7224,Dmel_CG7224,47.92,249.94,5.2,0.0001,0.0002,,,,
FBgn0038380,CG14877,Dmel_CG14877,0.76,3.95,5.2,0.0001,0.0002,,,,
FBgn0010040,GstD4,Glutathione S transferase D4,1.04,5.43,5.2,0.0001,0.0002,,,,
FBgn0004431,LysX,Lysozyme X,1.94,9.73,5.0,0.0001,0.0002,,,,
FBgn0261269,conv,Acid labile subunit,2.60,13.00,5.0,0.0001,0.0002,,,,
,,,,,,,,,,,
,,,,,,,,,,,
Genes signfiicantly upregulated in cold-acclimated flies by 2 to 4.9-fold,,,,,,,,,,,
FlyBase ID,Gene symbol,Gene name,Warm (FPKM),Cold (FPKM),Fold change,P-value,Q-value,,,,
FBgn0025583,IM2,Immune induced molecule 2,504.62,2494.23,4.9,0.0001,0.0002,,,,
FBgn0037447,Neurochondrin,Neurochondrin homolog,29.05,142.38,4.9,0.0001,0.0002,,,,
FBgn0013984,InR,Insulin-like receptor,4.33,21.09,4.9,0.0001,0.0002,,,,
FBgn0038130,CG8630,Dmel_CG8630,40.66,196.88,4.8,0.0001,0.0002,,,,
FBgn0039239,CG13641,Dmel_CG13641,4.68,22.59,4.8,0.0001,0.0002,,,,
FBgn0039500,CG5984,Dmel_CG5984,1.08,5.20,4.8,0.0001,0.0002,,,,
FBgn0037972,CG10005,Dmel_CG10005,0.80,3.84,4.8,0.0001,0.0002,,,,
FBgn0035379,spz5,Dmel_CG9972,2.81,13.49,4.8,0.0001,0.0002,,,,
FBgn0262993,CR43301,Dmel_CR43301,2.04,9.77,4.8,0.0001,0.0002,,,,
FBgn0000658,fj,four-jointed,0.66,3.13,4.8,0.0001,0.0002,,,,
FBgn0031837,CG11320,Dmel_CG11320,0.55,2.62,4.8,0.0012,0.0044,,,,
FBgn0037487,CG14608,Dmel_CG14608,0.55,2.61,4.8,0.0001,0.0002,,,,
FBgn0039078,CG4374,Dmel_CG4374,0.30,1.41,4.8,0.0001,0.0002,,,,
FBgn0031737,obst-E,obstructor-E,7.25,34.09,4.7,0.0001,0.0002,,,,
FBgn0039264,CG11786,Dmel_CG11786,0.57,2.67,4.7,0.0004,0.0015,,,,
FBgn0040794,CG13056,Dmel_CG13056,7.39,34.52,4.7,0.0001,0.0002,,,,
FBgn0040601,CG13643,Dmel_CG13643,2.44,11.30,4.6,0.0001,0.0002,,,,
FBgn0031959,spz3,Dmel_CG7104,2.08,9.62,4.6,0.0001,0.0002,,,,
"FBgn0030254,FBgn0263705","CG16922,Myo10A","Dmel_CG16922,Myosin 10A",1.68,7.78,4.6,0.0001,0.0002,,,,
FBgn0034480,CG16898,Dmel_CG16898,33.51,154.04,4.6,0.0001,0.0002,,,,
FBgn0051044,CR31044,Dmel_CR31044,0.79,3.59,4.6,0.0001,0.0002,,,,
FBgn0037801,CG3999,Dmel_CG3999,5.69,25.67,4.5,0.0001,0.0002,,,,
FBgn0050440,CG30440,Dmel_CG30440,3.03,13.66,4.5,0.0001,0.0002,,,,
FBgn0085428,Nox,NADPH oxidase,0.79,3.55,4.5,0.0001,0.0002,,,,
"FBgn0053137,FBgn0053138","CG33137,AGBE","Dmel_CG33137,1,4-Alpha-Glucan Branching Enzyme",52.01,233.25,4.5,0.0001,0.0002,,,,
FBgn0086898,dgo,diego,3.29,14.70,4.5,0.0001,0.0002,,,,
FBgn0038880,SIFR,SIFamide receptor,0.86,3.80,4.4,0.0001,0.0002,,,,
FBgn0053468,CG33468,Dmel_CG33468,0.79,3.49,4.4,0.0011,0.0043,,,,
FBgn0051041,CG31041,Dmel_CG31041,2.58,11.43,4.4,0.0001,0.0002,,,,
FBgn0039297,CG11852,Dmel_CG11852,19.26,85.06,4.4,0.0001,0.0002,,,,
FBgn0034724,babos,babos,36.44,160.68,4.4,0.0001,0.0002,,,,
FBgn0013348,TpnC41C,Troponin C at 41C,234.02,1027.20,4.4,0.0001,0.0002,,,,
FBgn0036587,CG4950,Dmel_CG4950,6.44,27.52,4.3,0.0001,0.0002,,,,
FBgn0038286,CG6966,Protein fem-1 homolog CG6966,19.17,81.96,4.3,0.0001,0.0002,,,,
FBgn0003255,rk,rickets,0.50,2.11,4.3,0.0001,0.0002,,,,
FBgn0000497,ds,dachsous,1.30,5.51,4.2,0.0001,0.0002,,,,
FBgn0037151,CG7130,Dmel_CG7130,5.19,21.90,4.2,0.0001,0.0002,,,,
FBgn0250871,pot,papillote,8.44,34.98,4.1,0.0001,0.0002,,,,
FBgn0037724,Fst,Frost,36.68,149.53,4.1,0.0001,0.0002,,,,
FBgn0034903,CG9850,Dmel_CG9850,4.21,17.16,4.1,0.0001,0.0002,,,,
FBgn0002733,E(spl)mbeta-HLH,"Enhancer of split mβ, helix-loop-helix",3.35,13.65,4.1,0.0001,0.0002,,,,
FBgn0083972,CG34136,Dmel_CG34136,12.64,51.02,4.0,0.0001,0.0002,,,,
FBgn0035300,CG1139,Dmel_CG1139,11.58,46.75,4.0,0.0001,0.0002,,,,
"FBgn0036467,FBgn0036466,FBgn0263761,FBgn0263762","CG12310,CG18581,CG43678,CG43679","Dmel_CG12310,Dmel_CG18581,Dmel_CG43678,Dmel_CG43679",251.81,1015.96,4.0,0.0001,0.0002,,,,
FBgn0000045,Act79B,Actin 79B,298.63,1200.57,4.0,0.0001,0.0002,,,,
FBgn0040734,CG15065,Dmel_CG15065,214.68,854.53,4.0,0.0001,0.0002,,,,
FBgn0034335,GstE1,Glutathione S transferase E1,100.09,396.51,4.0,0.0001,0.0002,,,,
FBgn0038071,CG6234,Dmel_CG6234,1.29,5.07,3.9,0.0001,0.0002,,,,
FBgn0046258,CG12880,Dmel_CG12880,1.27,5.00,3.9,0.0026,0.0091,,,,
FBgn0052055,CG32055,Dmel_CG32055,0.89,3.49,3.9,0.0001,0.0002,,,,
FBgn0050101,CG30101,Dmel_CG30101,1.22,4.77,3.9,0.0001,0.0002,,,,
FBgn0036463,Reck,Dmel_CG5392,1.81,7.05,3.9,0.0001,0.0002,,,,
FBgn0030562,CG9400,Dmel_CG9400,9.56,36.97,3.9,0.0001,0.0002,,,,
FBgn0035985,Cpr67B,Cuticular protein 67B,42.96,165.14,3.8,0.0001,0.0002,,,,
FBgn0063449,Uhg2,U snoRNA host gene 2,17.11,65.76,3.8,0.0001,0.0002,,,,
FBgn0263406,CR43452,Dmel_CR43452,3.19,12.26,3.8,0.0001,0.0002,,,,
FBgn0062961,pncr016:2R,putative noncoding RNA 016:2R,4.07,15.62,3.8,0.0001,0.0002,,,,
FBgn0022702,Cht2,Chitinase 2,2.29,8.78,3.8,0.0001,0.0002,,,,
FBgn0040942,CG12643,Dmel_CG12643,11.54,44.21,3.8,0.0001,0.0002,,,,
FBgn0047095,pncr004:X,putative noncoding RNA 004:X,7.13,27.28,3.8,0.0001,0.0002,,,,
FBgn0004028,wupA,wings up A,584.43,2232.48,3.8,0.0001,0.0002,,,,
FBgn0035157,CG13894,Dmel_CG13894,0.67,2.56,3.8,0.0001,0.0002,,,,
FBgn0052243,CG32243,Dmel_CG32243,7.76,29.37,3.8,0.0001,0.0002,,,,
FBgn0031263,CG2789,Dmel_CG2789,62.07,234.35,3.8,0.0001,0.0002,,,,
FBgn0030331,CG15221,Dmel_CG15221,3.49,13.11,3.8,0.0001,0.0002,,,,
FBgn0004797,mdy,midway,18.14,68.09,3.8,0.0001,0.0002,,,,
"FBgn0039241,FBgn0043799","CG11089,CG31381","Dmel_CG11089,Dmel_CG31381",26.03,96.27,3.7,0.0001,0.0002,,,,
FBgn0024491,Bin1,Bicoid interacting protein 1,12.46,45.94,3.7,0.0001,0.0002,,,,
FBgn0033597,Cpr47Ea,Cuticular protein 47Ea,3.10,11.44,3.7,0.0001,0.0002,,,,
FBgn0038465,Irc,Immune-regulated catalase,61.75,226.70,3.7,0.0001,0.0002,,,,
FBgn0050154,CG30154,Dmel_CG30154,15.93,58.29,3.7,0.0001,0.0002,,,,
FBgn0086783,Mhc,Myosin heavy chain,333.79,1217.28,3.6,0.0001,0.0002,,,,
FBgn0036985,zye,zye,0.48,1.74,3.6,0.0010,0.0037,,,,
FBgn0036786,skl,sickle,0.60,2.17,3.6,0.0001,0.0002,,,,
FBgn0036772,CG5290,Dmel_CG5290,3.06,11.04,3.6,0.0001,0.0002,,,,
FBgn0040653,IM4,Immune induced molecule 4,278.12,994.06,3.6,0.0001,0.0002,,,,
FBgn0001225,Hsp26,Heat shock protein 26,43.91,156.39,3.6,0.0001,0.0002,,,,
FBgn0038460,CG18622,Dmel_CG18622,14.00,49.61,3.5,0.0001,0.0002,,,,
FBgn0000299,Cg25C,Collagen type IV,14.71,52.04,3.5,0.0001,0.0002,,,,
"FBgn0038315,FBgn0004117","CG14866,Tm2","Dmel_CG14866,Tropomyosin 2",341.34,1204.01,3.5,0.0001,0.0002,,,,
FBgn0034412,abba,Dmel_CG15105,37.24,131.31,3.5,0.0001,0.0002,,,,
FBgn0003525,stg,string,0.34,1.19,3.5,0.0001,0.0002,,,,
FBgn0033438,Mmp2,Matrix metalloproteinase 2,5.63,19.71,3.5,0.0001,0.0002,,,,
FBgn0029831,CG5966,Dmel_CG5966,19.02,66.33,3.5,0.0001,0.0002,,,,
FBgn0086711,mol,moladietz,4.90,16.97,3.5,0.0001,0.0002,,,,
"FBgn0053292,FBgn0264711","CG33292,CG43980","Dmel_CG33292,Dmel_CG43980",0.41,1.43,3.5,0.0001,0.0002,,,,
FBgn0023001,melt,melted,3.50,12.07,3.5,0.0001,0.0002,,,,
FBgn0035343,CG16762,Dmel_CG16762,27.23,93.96,3.5,0.0005,0.0021,,,,
FBgn0052138,CG32138,Formin-like protein CG32138,4.94,17.05,3.5,0.0023,0.0082,,,,
FBgn0003721,Tm1,Tropomyosin 1,327.55,1129.58,3.4,0.0001,0.0002,,,,
"FBgn0034558,FBgn0067905,FBgn0050295","CG9236,IM14,Ipk1","Dmel_CG9236,Immune induced molecule 14,Ipk1 ",323.17,1114.16,3.4,0.0001,0.0002,,,,
FBgn0010424,TpnC73F,Troponin C at 73F,30.09,103.50,3.4,0.0001,0.0002,,,,
"FBgn0041180,FBgn0003231","Tep4,ref(2)P","Thioester-containing protein 4,refractory to sigma P",274.95,942.03,3.4,0.0001,0.0002,,,,
FBgn0036377,CG10710,Dmel_CG10710,1.02,3.49,3.4,0.0022,0.0077,,,,
FBgn0265140,Meltrin,Meltrin,7.95,27.13,3.4,0.0001,0.0002,,,,
FBgn0031145,Ntf-2,Nuclear transport factor-2,44.61,151.56,3.4,0.0001,0.0002,,,,
FBgn0004569,aos,argos,6.10,20.71,3.4,0.0001,0.0002,,,,
FBgn0031939,CG13796,Dmel_CG13796,7.45,25.24,3.4,0.0001,0.0002,,,,
FBgn0020908,Scp1,Sarcoplasmic calcium-binding protein 1,1486.61,5017.05,3.4,0.0001,0.0002,,,,
FBgn0039411,dys,dysfusion,1.31,4.43,3.4,0.0001,0.0002,,,,
FBgn0033252,CG12769,Dmel_CG12769,4.43,14.87,3.4,0.0001,0.0002,,,,
FBgn0039709,Cad99C,Dmel_CG31009,2.46,8.26,3.4,0.0001,0.0002,,,,
FBgn0002948,nod,no distributive disjunction,2.92,9.80,3.4,0.0001,0.0002,,,,
FBgn0264869,CR44060,Dmel_CR44060,12.79,42.87,3.4,0.0027,0.0092,,,,
FBgn0086655,jing,Zinc finger protein jing,2.75,9.13,3.3,0.0001,0.0002,,,,
FBgn0030257,CG11160,Dmel_CG11160,4.28,14.08,3.3,0.0001,0.0002,,,,
FBgn0002306,sas,stranded at second,6.78,22.27,3.3,0.0001,0.0002,,,,
FBgn0034030,CG8192,Dmel_CG8192,1.46,4.78,3.3,0.0001,0.0005,,,,
FBgn0051809,CG31809,Dmel_CG31809,1.16,3.78,3.3,0.0001,0.0002,,,,
FBgn0039452,CG14246,Dmel_CG14246; Dmel_CG14245,17.10,55.69,3.3,0.0001,0.0002,,,,
FBgn0033756,CG17760,Dmel_CG17760,0.79,2.57,3.3,0.0027,0.0094,,,,
FBgn0031879,uif,uninflatable,3.25,10.56,3.2,0.0001,0.0002,,,,
FBgn0264512,CR43911,Dmel_CR43911,2.72,8.81,3.2,0.0001,0.0002,,,,
FBgn0030617,CG9095,Dmel_CG9095,1.74,5.62,3.2,0.0001,0.0002,,,,
FBgn0035104,CG13875,Dmel_CG13875,1.32,4.26,3.2,0.0002,0.0007,,,,
FBgn0065092,klar,klarsicht,24.26,78.03,3.2,0.0001,0.0002,,,,
FBgn0035607,CG4835,Dmel_CG4835,1.51,4.84,3.2,0.0001,0.0002,,,,
FBgn0031488,CG17265,Dmel_CG17265,1.26,4.04,3.2,0.0001,0.0002,,,,
FBgn0261239,Hr39,Hormone receptor-like in 39,7.75,24.82,3.2,0.0001,0.0002,,,,
FBgn0047000,pncr008:3L,putative noncoding RNA 008:3L,8.25,26.41,3.2,0.0001,0.0002,,,,
FBgn0002565,Lsp2,Larval serum protein 2,14.37,45.43,3.2,0.0001,0.0002,,,,
"FBgn0034330,FBgn0034329","CG18107,IM1","Dmel_CG18107,Immune induced molecule 1",423.93,1332.28,3.1,0.0001,0.0002,,,,
FBgn0030539,CG1368,Dmel_CG1368,0.81,2.54,3.1,0.0018,0.0064,,,,
FBgn0010197,Gyc32E,Guanyl cyclase at 32E,0.68,2.12,3.1,0.0025,0.0088,,,,
FBgn0033926,Arc1,Dmel_CG12505,29.58,91.74,3.1,0.0001,0.0002,,,,
FBgn0261801,CG42747,Dmel_CG42747,0.36,1.13,3.1,0.0003,0.0011,,,,
FBgn0035948,CG5644,Dmel_CG5644,3.16,9.73,3.1,0.0004,0.0017,,,,
FBgn0053087,LRP1,LDL receptor protein 1,4.82,14.84,3.1,0.0001,0.0002,,,,
FBgn0086691,UK114,Dmel_CG15261,125.15,384.55,3.1,0.0001,0.0002,,,,
FBgn0031097,obst-A,obstructor-A,5.36,16.43,3.1,0.0001,0.0002,,,,
FBgn0030086,CG7033,Dmel_CG7033,21.44,65.56,3.1,0.0001,0.0002,,,,
FBgn0053012,CG33012,Dmel_CG33012,1.22,3.73,3.1,0.0001,0.0002,,,,
FBgn0032082,CG18088,Dmel_CG18088,0.54,1.64,3.0,0.0027,0.0094,,,,
FBgn0036684,CG3764,Dmel_CG3764,12.25,37.28,3.0,0.0001,0.0002,,,,
FBgn0025687,LKR,Lysine ketoglutarate reductase,7.42,22.58,3.0,0.0001,0.0002,,,,
FBgn0033158,CG12164,Dmel_CG12164,0.63,1.92,3.0,0.0001,0.0005,,,,
FBgn0033708,CG8850,Transporter,1.16,3.50,3.0,0.0001,0.0002,,,,
FBgn0037895,CG6723,Dmel_CG6723,7.51,22.72,3.0,0.0001,0.0002,,,,
FBgn0014135,bnl,branchless,2.73,8.24,3.0,0.0001,0.0002,,,,
FBgn0035144,CG17181,Dmel_CG17181,9.66,29.18,3.0,0.0001,0.0002,,,,
FBgn0003978,vls,valois,2.77,8.36,3.0,0.0001,0.0002,,,,
FBgn0026758,Trf2,TATA box binding protein-related factor 2,20.83,62.69,3.0,0.0001,0.0002,,,,
FBgn0037163,laza,lazaro,7.14,21.48,3.0,0.0001,0.0002,,,,
FBgn0040717,Nplp4,Neuropeptide-like precursor 4,4.58,13.75,3.0,0.0002,0.0007,,,,
FBgn0038838,TotB,Turandot B,1.93,5.78,3.0,0.0002,0.0009,,,,
FBgn0031738,CG9171,Dmel_CG9171,11.40,34.14,3.0,0.0001,0.0002,,,,
FBgn0032350,CG6287,Dmel_CG6287,53.54,160.24,3.0,0.0001,0.0002,,,,
"FBgn0028984,FBgn0038299","Spn88Ea,Spn88Eb","Serpin 88Ea,Serpin 88Eb",42.05,125.78,3.0,0.0001,0.0002,,,,
FBgn0034312,CG10916,Dmel_CG10916,5.89,17.58,3.0,0.0001,0.0002,,,,
FBgn0052564,CG32564,Dmel_CG32564,0.55,1.64,3.0,0.0004,0.0015,,,,
FBgn0026418,Hsc70Cb,Dmel_CG6603,44.86,133.14,3.0,0.0001,0.0002,,,,
FBgn0262141,CG42867,Dmel_CG42867,3.61,10.65,3.0,0.0001,0.0002,,,,
FBgn0036881,Cpr76Bd,Cuticular protein 76Bd,2.53,7.45,2.9,0.0001,0.0002,,,,
FBgn0034512,CG18067,Dmel_CG18067,610.34,1799.28,2.9,0.0001,0.0002,,,,
FBgn0002643,mam,mastermind,6.50,19.00,2.9,0.0001,0.0002,,,,
FBgn0052111,CG32111,Dmel_CG32111,1.12,3.25,2.9,0.0001,0.0002,,,,
FBgn0037409,Osi24,Osiris 24,0.92,2.67,2.9,0.0001,0.0002,,,,
FBgn0035192,CG9194,Dmel_CG9194,1.17,3.38,2.9,0.0001,0.0002,,,,
FBgn0085195,CG34166,Dmel_CG34166,567.95,1643.75,2.9,0.0001,0.0002,,,,
FBgn0260446,GABA-B-R1,metabotropic GABA-B receptor subtype 1,3.92,11.24,2.9,0.0016,0.0059,,,,
FBgn0039886,CG2003,Dmel_CG2003,9.08,26.06,2.9,0.0003,0.0011,,,,
FBgn0052529,Hers,Histone gene-specific Epigenetic Repressor in late S phase,9.03,25.91,2.9,0.0001,0.0002,,,,
FBgn0039719,CG15515,Dmel_CG15515,9.26,26.24,2.8,0.0001,0.0002,,,,
FBgn0041184,Socs36E,Suppressor of cytokine signaling at 36E,4.95,13.97,2.8,0.0001,0.0002,,,,
FBgn0053834,His1:CG33834,Dmel_CG33834,2.88,8.11,2.8,0.0001,0.0002,,,,
FBgn0035490,CG1136,Dmel_CG1136,5.78,16.26,2.8,0.0001,0.0002,,,,
FBgn0039008,CG6972,Dmel_CG6972,19.34,54.25,2.8,0.0001,0.0002,,,,
FBgn0265058,CR44169,Dmel_CR44169,2.46,6.89,2.8,0.0001,0.0002,,,,
FBgn0035923,CG6511,Dmel_CG6511,5.16,14.42,2.8,0.0001,0.0002,,,,
FBgn0015019,Cctgamma,T-complex protein 1 subunit gamma,14.10,39.40,2.8,0.0001,0.0002,,,,
FBgn0038268,CG3631,Dmel_CG3631,2.72,7.59,2.8,0.0008,0.0032,,,,
FBgn0037150,CG7133,Dmel_CG7133,13.33,36.97,2.8,0.0001,0.0002,,,,
FBgn0027341,Gfat1,Glutamine:fructose-6-phosphate aminotransferase 1,33.25,92.07,2.8,0.0001,0.0002,,,,
FBgn0045064,bwa,brain washing,24.54,67.80,2.8,0.0001,0.0002,,,,
"FBgn0036036,FBgn0032054","CG14174,vsg",Dmel_CG14174,610.27,1684.35,2.8,0.0001,0.0002,,,,
FBgn0259927,CG42450,Dmel_CG7095,6.63,18.28,2.8,0.0001,0.0002,,,,
FBgn0261555,CG42673,Dmel_CG42673,9.85,27.14,2.8,0.0001,0.0002,,,,
"FBgn0036126,FBgn0036128","CG6272,Elo68beta","Dmel_CG6272,Elongase 68β",23.49,64.66,2.8,0.0001,0.0002,,,,
FBgn0034497,CG9090,Dmel_CG9090,207.99,570.51,2.7,0.0001,0.0002,,,,
FBgn0003676,T-cp1,Tcp1-like,21.05,57.69,2.7,0.0001,0.0002,,,,
FBgn0027291,l(1)G0156,lethal (1) G0156,198.55,543.64,2.7,0.0001,0.0002,,,,
FBgn0003067,"Pepck,Rgk2",Phosphoenolpyruvate carboxykinase,119.48,326.99,2.7,0.0001,0.0002,,,,
FBgn0032707,CG10348,Dmel_CG10348,3.80,10.38,2.7,0.0001,0.0002,,,,
FBgn0003174,pwn,pawn,0.52,1.41,2.7,0.0001,0.0002,,,,
FBgn0001233,Hsp83,Heat shock protein 83,349.42,954.87,2.7,0.0001,0.0002,,,,
FBgn0004169,up,upheld,557.20,1520.49,2.7,0.0001,0.0002,,,,
FBgn0053639,CG33639,Dmel_CG33639,1.44,3.93,2.7,0.0001,0.0002,,,,
FBgn0022774,Oat,Ornithine aminotransferase precursor,11.80,32.17,2.7,0.0001,0.0002,,,,
FBgn0024366,CG11409,Dmel_CG11409,1.03,2.79,2.7,0.0001,0.0002,,,,
FBgn0035429,CG12017,Dmel_CG12017,0.78,2.10,2.7,0.0001,0.0002,,,,
FBgn0038449,CG17562,Dmel_CG17562,22.72,61.28,2.7,0.0001,0.0002,,,,
FBgn0010621,Cct5,T-complex Chaperonin 5,48.02,129.23,2.7,0.0001,0.0002,,,,
FBgn0031389,CG4259,Dmel_CG4259,4.61,12.31,2.7,0.0001,0.0002,,,,
FBgn0030360,CG1806,Dmel_CG1806,6.54,17.47,2.7,0.0001,0.0002,,,,
FBgn0259220,Doa,Darkener of apricot,69.10,183.95,2.7,0.0001,0.0002,,,,
FBgn0085364,CR34335,Dmel_CR34335,138.64,369.02,2.7,0.0001,0.0002,,,,
FBgn0030261,CG15203,Dmel_CG15203,32.23,85.73,2.7,0.0001,0.0002,,,,
FBgn0010217,ATPsyn-beta,ATP synthase-beta,2355.36,6262.54,2.7,0.0001,0.0002,,,,
FBgn0034897,Sesn,Sestrin,41.66,110.35,2.6,0.0001,0.0002,,,,
FBgn0034328,IM23,Immune induced molecule 23,18.40,48.69,2.6,0.0001,0.0002,,,,
FBgn0038849,CG7079,Dmel_CG7079,14.39,37.92,2.6,0.0001,0.0002,,,,
FBgn0032681,CG10283,Dmel_CG10283,4.65,12.22,2.6,0.0001,0.0002,,,,
FBgn0083123,Uhg5,Uhg5,11.91,31.19,2.6,0.0001,0.0002,,,,
FBgn0001259,in,inturned,0.99,2.59,2.6,0.0001,0.0002,,,,
FBgn0036742,CG7497,Dmel_CG7497,15.53,40.43,2.6,0.0001,0.0002,,,,
FBgn0260479,CG31904,Transporter,0.80,2.08,2.6,0.0001,0.0002,,,,
FBgn0035785,CG8546,Dmel_CG8546,0.75,1.95,2.6,0.0001,0.0002,,,,
FBgn0014931,CG2678,Uncharacterized zinc finger protein CG2678,1.08,2.77,2.6,0.0001,0.0002,,,,
FBgn0040817,CG14132,Dmel_CG14132,7.43,19.07,2.6,0.0001,0.0002,,,,
"FBgn0037973,FBgn0264984","CG18547,CR44135","Dmel_CG18547,Dmel_CR44135",36.09,92.46,2.6,0.0001,0.0002,,,,
FBgn0010389,htl,heartless,8.67,22.16,2.6,0.0001,0.0002,,,,
FBgn0032036,CG13384,Dmel_CG13384,13.24,33.83,2.6,0.0025,0.0088,,,,
FBgn0036929,CG7668,Dmel_CG7668,25.79,65.80,2.6,0.0001,0.0002,,,,
FBgn0039244,CG11069,Dmel_CG11069,4.45,11.33,2.5,0.0018,0.0066,,,,
FBgn0038463,CG3534,Dmel_CG3534,16.87,42.82,2.5,0.0001,0.0002,,,,
FBgn0011760,ctp,cut up,145.21,368.52,2.5,0.0001,0.0002,,,,
FBgn0050403,CG30403,Dmel_CG30403,1.10,2.80,2.5,0.0001,0.0002,,,,
FBgn0035696,Best2,Bestrophin 2,27.02,68.33,2.5,0.0001,0.0002,,,,
FBgn0001114,Glt,Glutactin,60.95,153.63,2.5,0.0001,0.0002,,,,
FBgn0054011,CG34011,Dmel_CG34011,0.71,1.77,2.5,0.0028,0.0096,,,,
FBgn0000095,Antp,Antennapedia,3.71,9.33,2.5,0.0001,0.0002,,,,
FBgn0029524,CG3176,Dmel_CG3176,1.94,4.86,2.5,0.0003,0.0013,,,,
FBgn0022800,Cad96Ca,Tyrosine kinase receptor Cad96Ca,5.66,14.21,2.5,0.0001,0.0002,,,,
FBgn0031990,CG8552,Dmel_CG8552,43.31,108.67,2.5,0.0007,0.0028,,,,
"FBgn0264302,FBgn0264303","CG43780,CG43781","Dmel_CG43780,Dmel_CG43781",14.50,36.32,2.5,0.0001,0.0002,,,,
FBgn0032536,Ance-3,Dmel_CG17988,8.23,20.60,2.5,0.0001,0.0002,,,,
FBgn0011283,Obp28a,Odorant-binding protein 28a,4.75,11.89,2.5,0.0001,0.0002,,,,
FBgn0051475,CG31475,Dmel_CG31475,3.61,9.02,2.5,0.0001,0.0002,,,,
FBgn0086368,tw,Protein O-mannosyltransferase 2,1.78,4.46,2.5,0.0002,0.0009,,,,
FBgn0083968,CG34132,Dmel_CG34132,27.46,68.59,2.5,0.0001,0.0002,,,,
FBgn0000527,e,ebony,4.31,10.76,2.5,0.0001,0.0002,,,,
FBgn0051121,CG31121,Dmel_CG31121,2.14,5.33,2.5,0.0011,0.0043,,,,
FBgn0012042,AttA,Attacin-A,1.25,3.09,2.5,0.0011,0.0043,,,,
FBgn0003996,W,white,4.49,11.12,2.5,0.0001,0.0002,,,,
FBgn0035929,CG13311,Dmel_CG13311,14.04,34.77,2.5,0.0001,0.0002,,,,
FBgn0036372,CG10083,Drebrin-like protein,9.20,22.50,2.5,0.0005,0.0019,,,,
FBgn0015657,DnaJ-1,DnaJ-like-1,76.12,188.32,2.5,0.0001,0.0002,,,,
FBgn0035557,CG11353,Dmel_CG11353,2.18,5.38,2.5,0.0001,0.0002,,,,
FBgn0011764,Dsp1,Dorsal switch protein 1,14.61,36.00,2.5,0.0001,0.0002,,,,
FBgn0025111,"Ant2,sesB",Adenine nucleotide translocase 2,2237.70,5498.31,2.5,0.0001,0.0002,,,,
FBgn0260429,CG42524,Dmel_CG42524,1.81,4.45,2.5,0.0001,0.0002,,,,
FBgn0039189,CG18528,Dmel_CG18528,1.88,4.60,2.5,0.0001,0.0002,,,,
FBgn0085201,CG34172,Dmel_CG34172,917.87,2245.96,2.4,0.0001,0.0002,,,,
FBgn0017397,how,held out wings,33.93,82.85,2.4,0.0001,0.0002,,,,
FBgn0010909,msn,misshapen,21.27,51.76,2.4,0.0001,0.0002,,,,
FBgn0039656,CG11951,Dmel_CG11951,6.06,14.74,2.4,0.0001,0.0002,,,,
FBgn0263321,CG43402,Dmel_CG43402,61.09,148.27,2.4,0.0001,0.0002,,,,
FBgn0259168,mnb,minibrain,7.68,18.50,2.4,0.0001,0.0002,,,,
FBgn0038063,Octbeta2R,Octopamine receptor beta-2R,2.79,6.73,2.4,0.0001,0.0002,,,,
FBgn0036715,Cad74A,Dmel_CG6445,1.09,2.63,2.4,0.0001,0.0002,,,,
FBgn0000542,ec,echinus,1.32,3.18,2.4,0.0001,0.0002,,,,
FBgn0031629,Clect27,C-type lectin 27kD,48.96,117.55,2.4,0.0001,0.0002,,,,
FBgn0010041,GstD5,Glutathione S transferase D5,15.70,37.70,2.4,0.0001,0.0002,,,,
FBgn0038977,CG5376,Dmel_CG5376,8.71,20.86,2.4,0.0001,0.0002,,,,
FBgn0260393,CG17147,Suppressor of variegation 3-3,0.75,1.80,2.4,0.0015,0.0054,,,,
FBgn0086408,stl,stall,1.25,3.00,2.4,0.0001,0.0002,,,,
FBgn0036324,CG12520,Dmel_CG12520,1.14,2.73,2.4,0.0002,0.0009,,,,
FBgn0085765,CR40677,Dmel_CR40677,314.90,751.70,2.4,0.0001,0.0002,,,,
FBgn0063649,CG6006,Dmel_CG6006,7.67,18.30,2.4,0.0001,0.0002,,,,
"FBgn0030078,FBgn0265413","CG10970,CG7267","Dmel_CG10970,Dmel_CG44325",75.19,179.27,2.4,0.0001,0.0002,,,,
FBgn0036769,Tsp74F,Tetraspanin 74F,36.52,87.07,2.4,0.0001,0.0002,,,,
FBgn0035132,mthl10,methuselah-like 10,18.61,44.34,2.4,0.0001,0.0002,,,,
FBgn0033602,Cpr47Ee,Cuticular protein 47Ee,4.84,11.54,2.4,0.0001,0.0002,,,,
FBgn0002563,Lsp1beta,Larval serum protein 1 beta,7.77,18.51,2.4,0.0001,0.0002,,,,
FBgn0039748,CG15529,Dmel_CG15529,1.98,4.69,2.4,0.0003,0.0013,,,,
FBgn0035169,CG13890,Dmel_CG13890,16.25,38.47,2.4,0.0001,0.0002,,,,
"FBgn0262937,FBgn0025682","Rabex-5,scf","Rabaptin-5-associated exchange factor for Rab5 ortholog (H. sapiens),supercoiling factor",37.31,88.23,2.4,0.0001,0.0002,,,,
FBgn0037327,PEK,pancreatic eIF-2alpha kinase,12.85,30.37,2.4,0.0001,0.0002,,,,
FBgn0030808,RhoGAP15B,Dmel_CG4937,6.53,15.42,2.4,0.0001,0.0002,,,,
FBgn0259215,Ir93a,Dmel_CG42315,12.12,28.62,2.4,0.0001,0.0002,,,,
FBgn0032961,CG1416,Dmel_CG1416,44.57,105.25,2.4,0.0001,0.0002,,,,
FBgn0058469,CR40469,Dmel_CR40469,123.27,290.76,2.4,0.0001,0.0002,,,,
FBgn0085432,pan,pangolin,26.77,63.01,2.4,0.0001,0.0002,,,,
FBgn0003149,Prm,Paramyosin,221.79,521.48,2.4,0.0001,0.0002,,,,
FBgn0053196,dp,dumpy,5.45,12.80,2.3,0.0001,0.0002,,,,
FBgn0035895,Unr,Upstream of N-ras,16.34,38.40,2.3,0.0001,0.0002,,,,
FBgn0037697,GstZ2,Glutathione S transferase Z2,8.26,19.40,2.3,0.0001,0.0002,,,,
FBgn0000097,aop,anterior open,8.65,20.31,2.3,0.0001,0.0002,,,,
FBgn0083077,mld,molting defective,6.74,15.80,2.3,0.0001,0.0002,,,,
FBgn0026192,par-6,Dmel_CG5884,17.32,40.59,2.3,0.0001,0.0002,,,,
FBgn0015376,cutlet,Dmel_CG33122,0.51,1.20,2.3,0.0001,0.0005,,,,
FBgn0004859,ci,cubitus interruptus,10.83,25.35,2.3,0.0001,0.0002,,,,
FBgn0033778,CG3790,Dmel_CG3790,1.52,3.55,2.3,0.0002,0.0007,,,,
FBgn0029980,CG10778,Dmel_CG10778,5.70,13.33,2.3,0.0001,0.0002,,,,
FBgn0004507,GlyP,Glycogen phosphorylase,214.96,502.17,2.3,0.0001,0.0002,,,,
FBgn0051955,CG31955,Dmel_CG31955,5.32,12.42,2.3,0.0001,0.0002,,,,
"FBgn0031560,FBgn0262721","CG16713,CG43165","Dmel_CG16713,Dmel_CG43165",115.67,270.14,2.3,0.0001,0.0002,,,,
FBgn0000053,ade3,adenosine 3,15.47,36.11,2.3,0.0001,0.0002,,,,
FBgn0052369,CG32369,Dmel_CG32369,6.95,16.22,2.3,0.0001,0.0002,,,,
FBgn0260660,mp,Dmel_CG33171,8.42,19.63,2.3,0.0001,0.0002,,,,
FBgn0032683,kon,kon-tiki,3.42,7.97,2.3,0.0001,0.0002,,,,
"FBgn0032052,FBgn0032054","CG13089,CG13090","Dmel_CG13089,Dmel_CG13090",28.41,66.19,2.3,0.0001,0.0002,,,,
FBgn0029723,Proc-R,Dmel_CG6986,8.83,20.53,2.3,0.0001,0.0002,,,,
FBgn0040372,G9a,Dmel_CG2995,6.54,15.19,2.3,0.0001,0.0002,,,,
FBgn0036306,CG10973,Dmel_CG10973,21.00,48.78,2.3,0.0002,0.0009,,,,
FBgn0038820,CG4000,Dmel_CG4000,117.07,271.53,2.3,0.0001,0.0002,,,,
FBgn0028894,CG5869,Dmel_CG5869,16.83,39.01,2.3,0.0001,0.0002,,,,
FBgn0005626,ple,pale,12.05,27.93,2.3,0.0001,0.0002,,,,
FBgn0001227,Hsp67Ba,Heat shock gene 67Ba,4.36,10.09,2.3,0.0001,0.0002,,,,
FBgn0028506,CG4455,Dmel_CG4455,3.66,8.46,2.3,0.0001,0.0002,,,,
FBgn0262719,CG43163,Dmel_CG43163,0.88,2.03,2.3,0.0001,0.0002,,,,
"FBgn0039686,FBgn0085325","CG15506,CG34296","Dmel_CG15506,Dmel_CG34296",3.35,7.73,2.3,0.0001,0.0002,,,,
FBgn0033945,CG12868,Dmel_CG12868,22.48,51.85,2.3,0.0001,0.0002,,,,
FBgn0040954,CG13779,Probable 26S proteasome complex subunit sem1,118.03,272.15,2.3,0.0001,0.0002,,,,
"FBgn0039829,FBgn0039830","CG15561,CG1746","Dmel_CG15561,Dmel_CG1746",1613.55,3720.38,2.3,0.0001,0.0002,,,,
"FBgn0028738,FBgn0023181","ETH,Orc4","Ecdysis triggering hormone,Origin recognition complex subunit 4",8.53,19.66,2.3,0.0001,0.0002,,,,
FBgn0250747,l(2)gd1,lethal (2) giant discs 1,11.31,26.06,2.3,0.0001,0.0002,,,,
FBgn0259740,CG42394,Dmel_CG42394,46.35,106.76,2.3,0.0001,0.0002,,,,
FBgn0032024,CG14273,Dmel_CG14273,0.88,2.03,2.3,0.0008,0.0032,,,,
FBgn0037228,CG1092,Dmel_CG1092,8.45,19.45,2.3,0.0002,0.0009,,,,
FBgn0026208,mbf1,multiprotein bridging factor 1,74.33,170.97,2.3,0.0001,0.0002,,,,
FBgn0039161,CG13606,Dmel_CG13606,6.74,15.50,2.3,0.0001,0.0002,,,,
FBgn0010052,Jhe,Juvenile hormone esterase,1.19,2.74,2.3,0.0001,0.0002,,,,
FBgn0031692,TpnC25D,Troponin C at 25D,170.81,391.97,2.3,0.0001,0.0002,,,,
FBgn0016977,spen,split ends,15.77,36.18,2.3,0.0001,0.0002,,,,
FBgn0052333,CG32333,Dmel_CG32333,2.98,6.82,2.3,0.0001,0.0002,,,,
FBgn0020509,Acp62F,Accessory gland peptide 62F,577.55,1322.02,2.3,0.0001,0.0002,,,,
FBgn0002789,Mp20,Muscle protein 20,286.91,656.42,2.3,0.0001,0.0002,,,,
FBgn0030048,CG12112,Dmel_CG12112,4.13,9.42,2.3,0.0001,0.0002,,,,
FBgn0051183,CG31183,Guanylate cyclase,4.44,10.12,2.3,0.0001,0.0002,,,,
FBgn0034499,Cpr56F,Cuticular protein 56F,4.40,10.03,2.3,0.0028,0.0097,,,,
FBgn0005629,nrm,neuromusculin,26.32,59.94,2.3,0.0001,0.0002,,,,
FBgn0038139,CG8795,Dmel_CG8795,0.61,1.39,2.3,0.0007,0.0028,,,,
FBgn0004698,mus210,mutagen-sensitive 210,13.97,31.79,2.3,0.0001,0.0002,,,,
FBgn0264953,Piezo,Piezo,11.57,26.32,2.3,0.0001,0.0002,,,,
FBgn0052082,CG32082,Dmel_CG32082,12.99,29.40,2.3,0.0001,0.0002,,,,
FBgn0037819,CG14688,Dmel_CG14688,41.17,93.11,2.3,0.0001,0.0002,,,,
FBgn0036449,bmm,brummer,43.68,98.74,2.3,0.0001,0.0002,,,,
FBgn0035103,Vdup1,Dmel_CG7047,19.93,45.02,2.3,0.0001,0.0002,,,,
FBgn0035298,CG1140,Dmel_CG1140,32.14,72.49,2.3,0.0001,0.0002,,,,
FBgn0045761,CHKov1,Dmel_CG10618,86.30,194.58,2.3,0.0001,0.0002,,,,
FBgn0263380,CR43432,Dmel_CR43432,2.86,6.45,2.3,0.0001,0.0002,,,,
"FBgn0031037,FBgn0031039,FBgn0031038","CG14207,Shawn,Tyler","Dmel_CG14207,Shawn,Tyler",146.39,329.91,2.3,0.0001,0.0002,,,,
FBgn0037443,CG1021,Dmel_CG1021,29.98,67.55,2.3,0.0001,0.0002,,,,
FBgn0037448,CG15186,Dmel_CG15186,4.34,9.78,2.3,0.0001,0.0002,,,,
FBgn0030114,CG17754,Dmel_CG17754,9.68,21.68,2.2,0.0001,0.0002,,,,
FBgn0262620,CG43144,Dmel_CG43144,4.41,9.87,2.2,0.0001,0.0002,,,,
FBgn0011211,blw,bellwether,552.06,1234.84,2.2,0.0001,0.0002,,,,
FBgn0003719,tld,tolloid,1.06,2.38,2.2,0.0001,0.0002,,,,
FBgn0053301,CG33301,Dmel_CG33301,28.18,62.87,2.2,0.0001,0.0002,,,,
"FBgn0037625,FBgn0083971","CG11768,CG34135","Dmel_CG11768,Dmel_CG34135",3.54,7.89,2.2,0.0001,0.0002,,,,
FBgn0002521,pho,pleiohomeotic,34.28,76.43,2.2,0.0001,0.0002,,,,
FBgn0039804,CG15544,Dmel_CG15544,4.64,10.34,2.2,0.0001,0.0002,,,,
FBgn0259211,grh,grainy head,8.42,18.71,2.2,0.0001,0.0002,,,,
FBgn0036122,Mocs1,Molybdenum cofactor biosynthesis protein 1,11.26,25.01,2.2,0.0001,0.0002,,,,
FBgn0039000,CG6954,Dmel_CG6954,5.97,13.24,2.2,0.0001,0.0002,,,,
"FBgn0261360,FBgn0266136","CG42637,Gyc76C","Dmel_CG42637,Guanylyl cyclase at 76C",12.70,28.04,2.2,0.0001,0.0002,,,,
"FBgn0034443,FBgn0263391","cer,hts","crammer,hu li tai shao",109.37,241.18,2.2,0.0001,0.0002,,,,
FBgn0263200,Galt,Galactose-1-phosphate uridylyltransferase,40.32,88.84,2.2,0.0005,0.0021,,,,
FBgn0086656,shrb,shrub,82.89,182.62,2.2,0.0001,0.0002,,,,
FBgn0000384,cta,concertina,6.69,14.73,2.2,0.0001,0.0002,,,,
FBgn0004047,Yp3,Yolk protein 3,2.10,4.62,2.2,0.0001,0.0002,,,,
FBgn0024329,Mekk1,Dmel_CG7717,10.11,22.21,2.2,0.0001,0.0002,,,,
FBgn0030628,CG9114,Dmel_CG9114,1.47,3.22,2.2,0.0001,0.0002,,,,
FBgn0037796,CG12814,Dmel_CG12814,24.98,54.70,2.2,0.0001,0.0002,,,,
FBgn0036334,CG11267,Dmel_CG11267,66.28,144.90,2.2,0.0001,0.0002,,,,
FBgn0032973,CG6675,Dmel_CG6675,11.90,25.92,2.2,0.0001,0.0002,,,,
FBgn0038207,CG14356,Dmel_CG14356,4.46,9.72,2.2,0.0001,0.0002,,,,
FBgn0004647,N,Notch,1.82,3.97,2.2,0.0001,0.0002,,,,
FBgn0034158,CG5522,Dmel_CG5522,12.10,26.33,2.2,0.0001,0.0002,,,,
FBgn0030189,CG2909,Dmel_CG2909,4.22,9.18,2.2,0.0004,0.0015,,,,
FBgn0000395,cv-2,crossveinless 2,3.73,8.10,2.2,0.0001,0.0002,,,,
FBgn0003117,pnr,pannier,0.66,1.42,2.2,0.0001,0.0002,,,,
"FBgn0031752,FBgn0001128","CG9044,Gpdh","Dmel_CG9044,Glycerol 3 phosphate dehydrogenase",472.65,1025.62,2.2,0.0001,0.0002,,,,
FBgn0039633,CG11873,Dmel_CG11873,5.85,12.68,2.2,0.0003,0.0013,,,,
FBgn0262559,Mdh2,Malate dehydrogenase 2,235.71,510.23,2.2,0.0001,0.0002,,,,
"FBgn0053310,FBgn0260446","CG33310,GABA-B-R1","Dmel_CG33310,metabotropic GABA-B receptor subtype 1",5.35,11.57,2.2,0.0001,0.0002,,,,
FBgn0261534,l(2)34Fc,lethal (2) 34Fc,28.08,60.45,2.2,0.0001,0.0002,,,,
"FBgn0034245,FBgn0034246","CG14482,Dcr-2","Dmel_CG14482,Dicer-2",765.71,1647.48,2.2,0.0001,0.0002,,,,
FBgn0037646,CAHbeta,Carbonic anhydrase β,22.95,49.35,2.2,0.0001,0.0002,,,,
FBgn0039774,CDase,Ceramidase,20.47,44.00,2.1,0.0001,0.0002,,,,
FBgn0002528,LanB2,Laminin B2,6.08,13.03,2.1,0.0001,0.0002,,,,
FBgn0010423,TpnC47D,Troponin C at 47D,39.69,84.91,2.1,0.0001,0.0002,,,,
FBgn0260749,"Utx,trk",Dmel_CG5640,14.74,31.51,2.1,0.0001,0.0002,,,,
"FBgn0052660,FBgn0030357","CR32660,Sclp","Dmel_CR32660,Sclp",259.18,552.52,2.1,0.0001,0.0002,,,,
FBgn0038730,CG6300,Dmel_CG6300,1.82,3.88,2.1,0.0011,0.0041,,,,
FBgn0030158,CG9686,Dmel_CG9686,46.77,99.57,2.1,0.0001,0.0002,,,,
FBgn0033928,Arc2,Dmel_CG13941,2.81,5.97,2.1,0.0001,0.0002,,,,
FBgn0032456,MRP,Multidrug-Resistance like Protein 1,58.31,124.03,2.1,0.0001,0.0002,,,,
"FBgn0038218,FBgn0003862","CG14841,trx",Dmel_CG14841.trithorax,17.76,37.73,2.1,0.0001,0.0002,,,,
FBgn0036362,CG10725,Dmel_CG10725,12.09,25.61,2.1,0.0001,0.0002,,,,
FBgn0031912,CG5261,Dmel_CG5261,235.40,498.56,2.1,0.0001,0.0002,,,,
FBgn0038358,CG4525,Dmel_CG4525,0.84,1.77,2.1,0.0003,0.0011,,,,
FBgn0031118,RhoGAP19D,Dmel_CG1412,4.46,9.42,2.1,0.0002,0.0007,,,,
FBgn0029825,CG12728,Dmel_CG12728,4.05,8.54,2.1,0.0001,0.0002,,,,
FBgn0036240,CG6928,Dmel_CG6928,5.82,12.27,2.1,0.0025,0.0088,,,,
FBgn0015038,Cyp9b1,Cytochrome P450-9b1,5.62,11.84,2.1,0.0001,0.0002,,,,
FBgn0001083,fw,furrowed,1.67,3.53,2.1,0.0001,0.0002,,,,
FBgn0022073,Thor,Thor,408.74,860.83,2.1,0.0001,0.0002,,,,
FBgn0038173,Adgf-C,Adenosine deaminase-related growth factor C,7.32,15.41,2.1,0.0006,0.0024,,,,
FBgn0039836,CG1750,Dmel_CG1750,3.05,6.41,2.1,0.0005,0.0021,,,,
FBgn0259212,cno,canoe,13.27,27.82,2.1,0.0001,0.0002,,,,
FBgn0032601,yellow-b,Dmel_CG17914,10.72,22.44,2.1,0.0001,0.0002,,,,
FBgn0035091,CG3829,Dmel_CG3829,26.58,55.64,2.1,0.0001,0.0002,,,,
FBgn0039223,CG5805,Dmel_CG5805,17.61,36.86,2.1,0.0001,0.0002,,,,
FBgn0038344,CG5205,Dmel_CG5205,3.52,7.36,2.1,0.0001,0.0002,,,,
"FBgn0029722,FBgn0028325","CG7024,l(1)G0334","Dmel_CG7024,lethal (1) G0334",225.44,471.21,2.1,0.0001,0.0002,,,,
FBgn0026059,Mhcl,Myosin heavy chain-like,25.40,53.08,2.1,0.0001,0.0002,,,,
FBgn0039955,CG41099,Dmel_CG41099,27.72,57.89,2.1,0.0001,0.0002,,,,
FBgn0043842,Yeti,Dmel_CG40218,86.79,181.06,2.1,0.0001,0.0002,,,,
"FBgn0263655,FBgn0263656","CG43646,CG43647","Dmel_CG43646,Dmel_CG43647",3.48,7.26,2.1,0.0025,0.0088,,,,
"FBgn0037822,FBgn0037824,FBgn0020385","CG14683,CG14684,pug","Dmel_14683,Dmel_CG14684,pugilist",98.31,204.74,2.1,0.0001,0.0002,,,,
FBgn0030026,sni,sniffer,12.55,26.12,2.1,0.0013,0.0049,,,,
FBgn0014163,fax,failed axon connections,49.31,102.46,2.1,0.0001,0.0002,,,,
FBgn0015546,spel1,spellchecker1,5.42,11.25,2.1,0.0001,0.0002,,,,
FBgn0038837,CG3822,Dmel_CG3822,3.07,6.37,2.1,0.0001,0.0002,,,,
FBgn0024734,PRL-1,Dmel_CG4993,125.12,258.88,2.1,0.0001,0.0002,,,,
"FBgn0037634,FBgn0037632","CG8359,Tcp-1eta","Dmel_CG8359,Tcp-1η",32.34,66.87,2.1,0.0001,0.0002,,,,
FBgn0052196,CG32196,Dmel_CG32196,7.10,14.68,2.1,0.0001,0.0002,,,,
FBgn0026176,skpB,Dmel_CG8881,44.87,92.75,2.1,0.0001,0.0002,,,,
FBgn0036735,Edc3,Enhancer of decapping 3,7.38,15.23,2.1,0.0001,0.0002,,,,
FBgn0030013,GIIIspla2,Dmel_CG1583,11.72,24.20,2.1,0.0001,0.0002,,,,
"FBgn0001223,FBgn0001228","Hsp22,Hsp67Bb","Heat shock protein 22,Heat shock gene 67Bb",74.35,153.08,2.1,0.0001,0.0002,,,,
FBgn0038511,CG5873,Dmel_CG5873,0.94,1.93,2.1,0.0001,0.0002,,,,
FBgn0035528,CG15012,Dmel_CG15012,64.58,132.83,2.1,0.0001,0.0002,,,,
FBgn0027593,Exn,Ephexin,16.37,33.66,2.1,0.0001,0.0002,,,,
FBgn0037185,CG11367,Dmel_CG11367,8.31,17.06,2.1,0.0001,0.0005,,,,
FBgn0011705,rost,rolling stone,13.03,26.72,2.1,0.0001,0.0002,,,,
"FBgn0005648,FBgn0033266","Pabp2,Socs44A","Polyadenylate-binding protein 2,Suppressor of Cytokine Signaling at 44A",22.31,45.76,2.1,0.0001,0.0002,,,,
FBgn0260008,Ucrh,Dmel_CG41623,663.54,1359.52,2.0,0.0001,0.0002,,,,
"FBgn0038405,FBgn0086370","CG8927,sra","Dmel_CG8927,sarah",39.95,81.84,2.0,0.0001,0.0002,,,,
FBgn0250907,Cht3,Chitinase 3,1.13,2.31,2.0,0.0001,0.0002,,,,
FBgn0011361,mtacp1,mitochondrial acyl carrier protein 1,224.26,458.86,2.0,0.0001,0.0002,,,,
FBgn0036773,CG13698,Dmel_CG13698,10.40,21.25,2.0,0.0001,0.0002,,,,
FBgn0026238,gus,gustavus,39.73,81.18,2.0,0.0001,0.0002,,,,
FBgn0028685,Rpt4,Dmel_CG3455,37.62,76.80,2.0,0.0001,0.0002,,,,
"FBgn0032444,FBgn0032446","CG5525,CG5780","Dmel_CG5525,Dmel_CG5780",22.22,45.35,2.0,0.0001,0.0002,,,,
FBgn0046876,Obp83ef,Odorant-binding protein 83ef,3.60,7.35,2.0,0.0016,0.0059,,,,
FBgn0003345,sd,scalloped,24.20,49.36,2.0,0.0001,0.0002,,,,
FBgn0004133,blow,blown fuse,9.84,20.06,2.0,0.0025,0.0087,,,,
FBgn0030294,Pa1,PTIP associated 1,5.79,11.79,2.0,0.0003,0.0011,,,,
FBgn0003887,betaTub56D,beta-Tubulin at 56D,127.04,258.67,2.0,0.0001,0.0002,,,,
FBgn0034663,CG4363,Dmel_CG4363,423.71,862.46,2.0,0.0001,0.0002,,,,
FBgn0038214,CG9616,Dmel_CG9616,7.74,15.75,2.0,0.0001,0.0005,,,,
"FBgn0034182,FBgn0023172","CG9640,RhoGEF2","Dmel_CG9640,Rho guanine nucleotide exchange factor 2",32.07,65.17,2.0,0.0001,0.0002,,,,
FBgn0035193,CG9192,Dmel_CG9192,5.02,10.20,2.0,0.0003,0.0011,,,,
FBgn0069973,CG40485,Dmel_CG40485,18.19,36.91,2.0,0.0001,0.0002,,,,
FBgn0262140,CG42866,Dmel_CG42866,15.85,32.08,2.0,0.0001,0.0002,,,,
FBgn0024362,CG11412,N-acetyltransferase MAK3 homolog,19.65,39.64,2.0,0.0001,0.0002,,,,
"FBgn0022709,FBgn0036266","Adk1,CG5626","Adenylate kinase-1,Dmel_CG5626",99.31,200.00,2.0,0.0001,0.0002,,,,
FBgn0014391,sun,stunted,96.40,193.78,2.0,0.0001,0.0002,,,,
FBgn0086133,kdn,knockdown,240.23,482.87,2.0,0.0001,0.0002,,,,
"FBgn0030420,FBgn0020513","CG12717,ade5","Dmel_CG12717,ade5",133.08,267.47,2.0,0.0001,0.0002,,,,
FBgn0053460,CG33460,Dmel_CG33460,2.84,5.71,2.0,0.0001,0.0005,,,,
FBgn0050054,CG30054,Dmel_CG30054,6.06,12.18,2.0,0.0001,0.0002,,,,
FBgn0031888,Pvf2,PDGF- and VEGF-related factor 2,1.55,3.10,2.0,0.0003,0.0013,,,,