,x
1,FBgn0000003
2,FBgn0000008
3,FBgn0000014
4,FBgn0000028
5,FBgn0000037
6,FBgn0000039
7,FBgn0000042
8,FBgn0000043
9,FBgn0000046
10,FBgn0000061
11,FBgn0000071
12,FBgn0000075
13,FBgn0000108
14,FBgn0000147
15,FBgn0000152
16,FBgn0000173
17,FBgn0000179
18,FBgn0000180
19,FBgn0000216
20,FBgn0000244
21,FBgn0000253
22,FBgn0000259
23,FBgn0000273
24,FBgn0000274
25,FBgn0000277
26,FBgn0000279
27,FBgn0000283
28,FBgn0000286
29,FBgn0000308
30,FBgn0000316
31,FBgn0000317
32,FBgn0000326
33,FBgn0000339
34,FBgn0000382
35,FBgn0000406
36,FBgn0000412
37,FBgn0000416
38,FBgn0000447
39,FBgn0000448
40,FBgn0000449
41,FBgn0000451
42,FBgn0000459
43,FBgn0000473
44,FBgn0000492
45,FBgn0000527
46,FBgn0000529
47,FBgn0000536
48,FBgn0000542
49,FBgn0000546
50,FBgn0000557
51,FBgn0000567
52,FBgn0000568
53,FBgn0000575
54,FBgn0000576
55,FBgn0000578
56,FBgn0000591
57,FBgn0000592
58,FBgn0000615
59,FBgn0000625
60,FBgn0000636
61,FBgn0000639
62,FBgn0000640
63,FBgn0000659
64,FBgn0000719
65,FBgn0000723
66,FBgn0000810
67,FBgn0001084
68,FBgn0001087
69,FBgn0001090
70,FBgn0001114
71,FBgn0001122
72,FBgn0001124
73,FBgn0001125
74,FBgn0001128
75,FBgn0001133
76,FBgn0001138
77,FBgn0001142
78,FBgn0001148
79,FBgn0001187
80,FBgn0001189
81,FBgn0001208
82,FBgn0001218
83,FBgn0001224
84,FBgn0001226
85,FBgn0001227
86,FBgn0001229
87,FBgn0001230
88,FBgn0001233
89,FBgn0001234
90,FBgn0001235
91,FBgn0001253
92,FBgn0001254
93,FBgn0001255
94,FBgn0001256
95,FBgn0001291
96,FBgn0001313
97,FBgn0001977
98,FBgn0001983
99,FBgn0001986
100,FBgn0002021
101,FBgn0002031
102,FBgn0002036
103,FBgn0002121
104,FBgn0002306
105,FBgn0002413
106,FBgn0002431
107,FBgn0002440
108,FBgn0002521
109,FBgn0002525
110,FBgn0002531
111,FBgn0002533
112,FBgn0002534
113,FBgn0002535
114,FBgn0002543
115,FBgn0002562
116,FBgn0002563
117,FBgn0002564
118,FBgn0002565
119,FBgn0002566
120,FBgn0002569
121,FBgn0002577
122,FBgn0002592
123,FBgn0002593
124,FBgn0002629
125,FBgn0002632
126,FBgn0002641
127,FBgn0002643
128,FBgn0002707
129,FBgn0002719
130,FBgn0002732
131,FBgn0002734
132,FBgn0002783
133,FBgn0002787
134,FBgn0002791
135,FBgn0002921
136,FBgn0002933
137,FBgn0002936
138,FBgn0002937
139,FBgn0002941
140,FBgn0003002
141,FBgn0003034
142,FBgn0003046
143,FBgn0003065
144,FBgn0003076
145,FBgn0003082
146,FBgn0003086
147,FBgn0003090
148,FBgn0003116
149,FBgn0003117
150,FBgn0003124
151,FBgn0003132
152,FBgn0003162
153,FBgn0003174
154,FBgn0003175
155,FBgn0003187
156,FBgn0003218
157,FBgn0003227
158,FBgn0003255
159,FBgn0003256
160,FBgn0003275
161,FBgn0003277
162,FBgn0003285
163,FBgn0003300
164,FBgn0003301
165,FBgn0003302
166,FBgn0003308
167,FBgn0003319
168,FBgn0003321
169,FBgn0003326
170,FBgn0003345
171,FBgn0003346
172,FBgn0003353
173,FBgn0003356
174,FBgn0003357
175,FBgn0003372
176,FBgn0003373
177,FBgn0003375
178,FBgn0003377
179,FBgn0003378
180,FBgn0003380
181,FBgn0003388
182,FBgn0003416
183,FBgn0003423
184,FBgn0003449
185,FBgn0003462
186,FBgn0003479
187,FBgn0003499
188,FBgn0003507
189,FBgn0003514
190,FBgn0003515
191,FBgn0003517
192,FBgn0003527
193,FBgn0003607
194,FBgn0003654
195,FBgn0003660
196,FBgn0003714
197,FBgn0003720
198,FBgn0003721
199,FBgn0003884
200,FBgn0003888
201,FBgn0003930
202,FBgn0003941
203,FBgn0003961
204,FBgn0003980
205,FBgn0003996
206,FBgn0003997
207,FBgn0004045
208,FBgn0004057
209,FBgn0004087
210,FBgn0004108
211,FBgn0004167
212,FBgn0004170
213,FBgn0004172
214,FBgn0004173
215,FBgn0004177
216,FBgn0004181
217,FBgn0004186
218,FBgn0004192
219,FBgn0004198
220,FBgn0004240
221,FBgn0004242
222,FBgn0004362
223,FBgn0004369
224,FBgn0004391
225,FBgn0004396
226,FBgn0004401
227,FBgn0004425
228,FBgn0004426
229,FBgn0004427
230,FBgn0004428
231,FBgn0004430
232,FBgn0004431
233,FBgn0004449
234,FBgn0004465
235,FBgn0004511
236,FBgn0004554
237,FBgn0004567
238,FBgn0004577
239,FBgn0004587
240,FBgn0004588
241,FBgn0004589
242,FBgn0004590
243,FBgn0004591
244,FBgn0004592
245,FBgn0004593
246,FBgn0004594
247,FBgn0004595
248,FBgn0004597
249,FBgn0004629
250,FBgn0004636
251,FBgn0004638
252,FBgn0004646
253,FBgn0004654
254,FBgn0004657
255,FBgn0004777
256,FBgn0004797
257,FBgn0004838
258,FBgn0004839
259,FBgn0004852
260,FBgn0004855
261,FBgn0004861
262,FBgn0004865
263,FBgn0004870
264,FBgn0004878
265,FBgn0004885
266,FBgn0004888
267,FBgn0004896
268,FBgn0004908
269,FBgn0004921
270,FBgn0004924
271,FBgn0004959
272,FBgn0005198
273,FBgn0005278
274,FBgn0005322
275,FBgn0005411
276,FBgn0005536
277,FBgn0005561
278,FBgn0005585
279,FBgn0005586
280,FBgn0005593
281,FBgn0005612
282,FBgn0005617
283,FBgn0005626
284,FBgn0005631
285,FBgn0005638
286,FBgn0005640
287,FBgn0005648
288,FBgn0005658
289,FBgn0005664
290,FBgn0005666
291,FBgn0005672
292,FBgn0005677
293,FBgn0005683
294,FBgn0005694
295,FBgn0008636
296,FBgn0008646
297,FBgn0010041
298,FBgn0010051
299,FBgn0010053
300,FBgn0010113
301,FBgn0010217
302,FBgn0010222
303,FBgn0010228
304,FBgn0010247
305,FBgn0010278
306,FBgn0010282
307,FBgn0010288
308,FBgn0010294
309,FBgn0010295
310,FBgn0010303
311,FBgn0010313
312,FBgn0010333
313,FBgn0010341
314,FBgn0010348
315,FBgn0010387
316,FBgn0010388
317,FBgn0010398
318,FBgn0010401
319,FBgn0010403
320,FBgn0010407
321,FBgn0010409
322,FBgn0010415
323,FBgn0010416
324,FBgn0010424
325,FBgn0010425
326,FBgn0010433
327,FBgn0010438
328,FBgn0010452
329,FBgn0010453
330,FBgn0010482
331,FBgn0010488
332,FBgn0010497
333,FBgn0010501
334,FBgn0010516
335,FBgn0010549
336,FBgn0010551
337,FBgn0010591
338,FBgn0010602
339,FBgn0010611
340,FBgn0010620
341,FBgn0010622
342,FBgn0010651
343,FBgn0010750
344,FBgn0010762
345,FBgn0010770
346,FBgn0010909
347,FBgn0011211
348,FBgn0011217
349,FBgn0011230
350,FBgn0011236
351,FBgn0011259
352,FBgn0011272
353,FBgn0011278
354,FBgn0011286
355,FBgn0011290
356,FBgn0011291
357,FBgn0011294
358,FBgn0011361
359,FBgn0011481
360,FBgn0011554
361,FBgn0011573
362,FBgn0011576
363,FBgn0011584
364,FBgn0011586
365,FBgn0011592
366,FBgn0011596
367,FBgn0011603
368,FBgn0011642
369,FBgn0011653
370,FBgn0011659
371,FBgn0011661
372,FBgn0011672
373,FBgn0011705
374,FBgn0011706
375,FBgn0011741
376,FBgn0011747
377,FBgn0011754
378,FBgn0011758
379,FBgn0011760
380,FBgn0011766
381,FBgn0011768
382,FBgn0011770
383,FBgn0011822
384,FBgn0011836
385,FBgn0012034
386,FBgn0012036
387,FBgn0012042
388,FBgn0012051
389,FBgn0013269
390,FBgn0013272
391,FBgn0013301
392,FBgn0013303
393,FBgn0013307
394,FBgn0013308
395,FBgn0013323
396,FBgn0013342
397,FBgn0013343
398,FBgn0013347
399,FBgn0013432
400,FBgn0013563
401,FBgn0013672
402,FBgn0013674
403,FBgn0013675
404,FBgn0013676
405,FBgn0013678
406,FBgn0013679
407,FBgn0013680
408,FBgn0013681
409,FBgn0013684
410,FBgn0013686
411,FBgn0013688
412,FBgn0013710
413,FBgn0013726
414,FBgn0013733
415,FBgn0013753
416,FBgn0013759
417,FBgn0013770
418,FBgn0013771
419,FBgn0013799
420,FBgn0013810
421,FBgn0013811
422,FBgn0013987
423,FBgn0013995
424,FBgn0014010
425,FBgn0014011
426,FBgn0014020
427,FBgn0014024
428,FBgn0014031
429,FBgn0014032
430,FBgn0014073
431,FBgn0014075
432,FBgn0014127
433,FBgn0014163
434,FBgn0014179
435,FBgn0014343
436,FBgn0014368
437,FBgn0014388
438,FBgn0014396
439,FBgn0014454
440,FBgn0014848
441,FBgn0014879
442,FBgn0014930
443,FBgn0015010
444,FBgn0015024
445,FBgn0015031
446,FBgn0015034
447,FBgn0015035
448,FBgn0015218
449,FBgn0015221
450,FBgn0015247
451,FBgn0015269
452,FBgn0015278
453,FBgn0015283
454,FBgn0015286
455,FBgn0015288
456,FBgn0015296
457,FBgn0015299
458,FBgn0015321
459,FBgn0015338
460,FBgn0015360
461,FBgn0015371
462,FBgn0015372
463,FBgn0015380
464,FBgn0015521
465,FBgn0015524
466,FBgn0015527
467,FBgn0015558
468,FBgn0015569
469,FBgn0015570
470,FBgn0015571
471,FBgn0015574
472,FBgn0015576
473,FBgn0015584
474,FBgn0015585
475,FBgn0015618
476,FBgn0015663
477,FBgn0015714
478,FBgn0015737
479,FBgn0015770
480,FBgn0015772
481,FBgn0015789
482,FBgn0015793
483,FBgn0015831
484,FBgn0015872
485,FBgn0015919
486,FBgn0015949
487,FBgn0016013
488,FBgn0016032
489,FBgn0016078
490,FBgn0016081
491,FBgn0016120
492,FBgn0016122
493,FBgn0016123
494,FBgn0016126
495,FBgn0016672
496,FBgn0016675
497,FBgn0016684
498,FBgn0016685
499,FBgn0016687
500,FBgn0016697
501,FBgn0016797
502,FBgn0016920
503,FBgn0016926
504,FBgn0016930
505,FBgn0016970
506,FBgn0017418
507,FBgn0017424
508,FBgn0017430
509,FBgn0017448
510,FBgn0017545
511,FBgn0017556
512,FBgn0017558
513,FBgn0017578
514,FBgn0017581
515,FBgn0019644
516,FBgn0019662
517,FBgn0019809
518,FBgn0019830
519,FBgn0019932
520,FBgn0019936
521,FBgn0019949
522,FBgn0019952
523,FBgn0019957
524,FBgn0019972
525,FBgn0020224
526,FBgn0020235
527,FBgn0020238
528,FBgn0020255
529,FBgn0020257
530,FBgn0020258
531,FBgn0020269
532,FBgn0020277
533,FBgn0020279
534,FBgn0020299
535,FBgn0020304
536,FBgn0020309
537,FBgn0020372
538,FBgn0020377
539,FBgn0020391
540,FBgn0020496
541,FBgn0020503
542,FBgn0020506
543,FBgn0020508
544,FBgn0020510
545,FBgn0020521
546,FBgn0020545
547,FBgn0020618
548,FBgn0020639
549,FBgn0020640
550,FBgn0020641
551,FBgn0020642
552,FBgn0020645
553,FBgn0020906
554,FBgn0020930
555,FBgn0021742
556,FBgn0021750
557,FBgn0021760
558,FBgn0021776
559,FBgn0021800
560,FBgn0021825
561,FBgn0021847
562,FBgn0021872
563,FBgn0021874
564,FBgn0021875
565,FBgn0021895
566,FBgn0021906
567,FBgn0021944
568,FBgn0022213
569,FBgn0022238
570,FBgn0022349
571,FBgn0022361
572,FBgn0022774
573,FBgn0022786
574,FBgn0022959
575,FBgn0022981
576,FBgn0022985
577,FBgn0022986
578,FBgn0023000
579,FBgn0023096
580,FBgn0023167
581,FBgn0023181
582,FBgn0023212
583,FBgn0023506
584,FBgn0023507
585,FBgn0023509
586,FBgn0023519
587,FBgn0023525
588,FBgn0023526
589,FBgn0023529
590,FBgn0023530
591,FBgn0023531
592,FBgn0023537
593,FBgn0023541
594,FBgn0023542
595,FBgn0023550
596,FBgn0024194
597,FBgn0024234
598,FBgn0024250
599,FBgn0024273
600,FBgn0024288
601,FBgn0024289
602,FBgn0024294
603,FBgn0024314
604,FBgn0024315
605,FBgn0024320
606,FBgn0024362
607,FBgn0024366
608,FBgn0024491
609,FBgn0024542
610,FBgn0024555
611,FBgn0024733
612,FBgn0024734
613,FBgn0024740
614,FBgn0024807
615,FBgn0024811
616,FBgn0024814
617,FBgn0024836
618,FBgn0024841
619,FBgn0024889
620,FBgn0024912
621,FBgn0024941
622,FBgn0024957
623,FBgn0024985
624,FBgn0024987
625,FBgn0024989
626,FBgn0024995
627,FBgn0024997
628,FBgn0024998
629,FBgn0025111
630,FBgn0025390
631,FBgn0025394
632,FBgn0025454
633,FBgn0025456
634,FBgn0025469
635,FBgn0025519
636,FBgn0025549
637,FBgn0025571
638,FBgn0025573
639,FBgn0025578
640,FBgn0025592
641,FBgn0025595
642,FBgn0025608
643,FBgn0025616
644,FBgn0025624
645,FBgn0025627
646,FBgn0025630
647,FBgn0025631
648,FBgn0025632
649,FBgn0025639
650,FBgn0025640
651,FBgn0025643
652,FBgn0025674
653,FBgn0025680
654,FBgn0025682
655,FBgn0025693
656,FBgn0025697
657,FBgn0025709
658,FBgn0025725
659,FBgn0025739
660,FBgn0025740
661,FBgn0025777
662,FBgn0025781
663,FBgn0025814
664,FBgn0025838
665,FBgn0025865
666,FBgn0025866
667,FBgn0025879
668,FBgn0025885
669,FBgn0026056
670,FBgn0026076
671,FBgn0026077
672,FBgn0026084
673,FBgn0026086
674,FBgn0026136
675,FBgn0026147
676,FBgn0026169
677,FBgn0026199
678,FBgn0026238
679,FBgn0026268
680,FBgn0026314
681,FBgn0026324
682,FBgn0026371
683,FBgn0026372
684,FBgn0026374
685,FBgn0026378
686,FBgn0026379
687,FBgn0026386
688,FBgn0026400
689,FBgn0026401
690,FBgn0026409
691,FBgn0026431
692,FBgn0026439
693,FBgn0026441
694,FBgn0026533
695,FBgn0026565
696,FBgn0026575
697,FBgn0026576
698,FBgn0026592
699,FBgn0026630
700,FBgn0026634
701,FBgn0026666
702,FBgn0026679
703,FBgn0026754
704,FBgn0026755
705,FBgn0026756
706,FBgn0026761
707,FBgn0026787
708,FBgn0026872
709,FBgn0026874
710,FBgn0027070
711,FBgn0027073
712,FBgn0027083
713,FBgn0027095
714,FBgn0027111
715,FBgn0027291
716,FBgn0027334
717,FBgn0027335
718,FBgn0027339
719,FBgn0027348
720,FBgn0027363
721,FBgn0027378
722,FBgn0027491
723,FBgn0027497
724,FBgn0027499
725,FBgn0027505
726,FBgn0027509
727,FBgn0027513
728,FBgn0027524
729,FBgn0027528
730,FBgn0027538
731,FBgn0027539
732,FBgn0027547
733,FBgn0027563
734,FBgn0027564
735,FBgn0027567
736,FBgn0027575
737,FBgn0027579
738,FBgn0027582
739,FBgn0027583
740,FBgn0027584
741,FBgn0027586
742,FBgn0027587
743,FBgn0027594
744,FBgn0027596
745,FBgn0027598
746,FBgn0027600
747,FBgn0027615
748,FBgn0027619
749,FBgn0027620
750,FBgn0027655
751,FBgn0027780
752,FBgn0027786
753,FBgn0027788
754,FBgn0027790
755,FBgn0027794
756,FBgn0027864
757,FBgn0027929
758,FBgn0027932
759,FBgn0027934
760,FBgn0027950
761,FBgn0028331
762,FBgn0028343
763,FBgn0028372
764,FBgn0028374
765,FBgn0028381
766,FBgn0028398
767,FBgn0028418
768,FBgn0028425
769,FBgn0028427
770,FBgn0028474
771,FBgn0028484
772,FBgn0028504
773,FBgn0028513
774,FBgn0028518
775,FBgn0028530
776,FBgn0028532
777,FBgn0028533
778,FBgn0028538
779,FBgn0028540
780,FBgn0028544
781,FBgn0028546
782,FBgn0028552
783,FBgn0028560
784,FBgn0028561
785,FBgn0028563
786,FBgn0028573
787,FBgn0028579
788,FBgn0028658
789,FBgn0028664
790,FBgn0028670
791,FBgn0028671
792,FBgn0028675
793,FBgn0028684
794,FBgn0028689
795,FBgn0028690
796,FBgn0028692
797,FBgn0028694
798,FBgn0028695
799,FBgn0028703
800,FBgn0028707
801,FBgn0028734
802,FBgn0028743
803,FBgn0028841
804,FBgn0028853
805,FBgn0028855
806,FBgn0028856
807,FBgn0028870
808,FBgn0028872
809,FBgn0028875
810,FBgn0028886
811,FBgn0028919
812,FBgn0028920
813,FBgn0028926
814,FBgn0028931
815,FBgn0028938
816,FBgn0028939
817,FBgn0028940
818,FBgn0028941
819,FBgn0028944
820,FBgn0028948
821,FBgn0028950
822,FBgn0028953
823,FBgn0028962
824,FBgn0028965
825,FBgn0028978
826,FBgn0028984
827,FBgn0028992
828,FBgn0028997
829,FBgn0028999
830,FBgn0029002
831,FBgn0029093
832,FBgn0029123
833,FBgn0029147
834,FBgn0029157
835,FBgn0029167
836,FBgn0029170
837,FBgn0029508
838,FBgn0029514
839,FBgn0029518
840,FBgn0029523
841,FBgn0029529
842,FBgn0029552
843,FBgn0029573
844,FBgn0029587
845,FBgn0029594
846,FBgn0029596
847,FBgn0029606
848,FBgn0029608
849,FBgn0029629
850,FBgn0029639
851,FBgn0029648
852,FBgn0029657
853,FBgn0029665
854,FBgn0029676
855,FBgn0029679
856,FBgn0029685
857,FBgn0029687
858,FBgn0029694
859,FBgn0029708
860,FBgn0029710
861,FBgn0029723
862,FBgn0029737
863,FBgn0029745
864,FBgn0029754
865,FBgn0029761
866,FBgn0029762
867,FBgn0029765
868,FBgn0029769
869,FBgn0029770
870,FBgn0029783
871,FBgn0029801
872,FBgn0029804
873,FBgn0029809
874,FBgn0029814
875,FBgn0029821
876,FBgn0029826
877,FBgn0029828
878,FBgn0029835
879,FBgn0029848
880,FBgn0029849
881,FBgn0029851
882,FBgn0029854
883,FBgn0029857
884,FBgn0029858
885,FBgn0029866
886,FBgn0029868
887,FBgn0029873
888,FBgn0029877
889,FBgn0029878
890,FBgn0029880
891,FBgn0029888
892,FBgn0029891
893,FBgn0029892
894,FBgn0029893
895,FBgn0029894
896,FBgn0029895
897,FBgn0029898
898,FBgn0029903
899,FBgn0029909
900,FBgn0029930
901,FBgn0029932
902,FBgn0029935
903,FBgn0029937
904,FBgn0029939
905,FBgn0029941
906,FBgn0029942
907,FBgn0029955
908,FBgn0029957
909,FBgn0029962
910,FBgn0029969
911,FBgn0029979
912,FBgn0029987
913,FBgn0029990
914,FBgn0029996
915,FBgn0029999
916,FBgn0030025
917,FBgn0030026
918,FBgn0030030
919,FBgn0030034
920,FBgn0030039
921,FBgn0030052
922,FBgn0030055
923,FBgn0030057
924,FBgn0030063
925,FBgn0030066
926,FBgn0030067
927,FBgn0030071
928,FBgn0030082
929,FBgn0030093
930,FBgn0030096
931,FBgn0030097
932,FBgn0030098
933,FBgn0030099
934,FBgn0030100
935,FBgn0030104
936,FBgn0030105
937,FBgn0030108
938,FBgn0030114
939,FBgn0030122
940,FBgn0030136
941,FBgn0030157
942,FBgn0030158
943,FBgn0030162
944,FBgn0030164
945,FBgn0030178
946,FBgn0030183
947,FBgn0030189
948,FBgn0030195
949,FBgn0030208
950,FBgn0030215
951,FBgn0030217
952,FBgn0030224
953,FBgn0030230
954,FBgn0030243
955,FBgn0030246
956,FBgn0030260
957,FBgn0030266
958,FBgn0030300
959,FBgn0030309
960,FBgn0030313
961,FBgn0030326
962,FBgn0030327
963,FBgn0030328
964,FBgn0030331
965,FBgn0030332
966,FBgn0030345
967,FBgn0030348
968,FBgn0030349
969,FBgn0030351
970,FBgn0030357
971,FBgn0030360
972,FBgn0030361
973,FBgn0030369
974,FBgn0030384
975,FBgn0030391
976,FBgn0030394
977,FBgn0030396
978,FBgn0030400
979,FBgn0030409
980,FBgn0030411
981,FBgn0030418
982,FBgn0030425
983,FBgn0030433
984,FBgn0030441
985,FBgn0030457
986,FBgn0030465
987,FBgn0030467
988,FBgn0030474
989,FBgn0030478
990,FBgn0030479
991,FBgn0030484
992,FBgn0030493
993,FBgn0030494
994,FBgn0030505
995,FBgn0030506
996,FBgn0030510
997,FBgn0030519
998,FBgn0030544
999,FBgn0030554
1000,FBgn0030555
1001,FBgn0030558
1002,FBgn0030562
1003,FBgn0030563
1004,FBgn0030569
1005,FBgn0030571
1006,FBgn0030584
1007,FBgn0030586
1008,FBgn0030612
1009,FBgn0030629
1010,FBgn0030638
1011,FBgn0030641
1012,FBgn0030642
1013,FBgn0030648
1014,FBgn0030660
1015,FBgn0030664
1016,FBgn0030665
1017,FBgn0030666
1018,FBgn0030668
1019,FBgn0030671
1020,FBgn0030675
1021,FBgn0030683
1022,FBgn0030684
1023,FBgn0030686
1024,FBgn0030693
1025,FBgn0030695
1026,FBgn0030696
1027,FBgn0030700
1028,FBgn0030703
1029,FBgn0030711
1030,FBgn0030719
1031,FBgn0030738
1032,FBgn0030742
1033,FBgn0030743
1034,FBgn0030745
1035,FBgn0030749
1036,FBgn0030756
1037,FBgn0030759
1038,FBgn0030763
1039,FBgn0030770
1040,FBgn0030776
1041,FBgn0030788
1042,FBgn0030793
1043,FBgn0030796
1044,FBgn0030801
1045,FBgn0030806
1046,FBgn0030816
1047,FBgn0030828
1048,FBgn0030830
1049,FBgn0030836
1050,FBgn0030837
1051,FBgn0030838
1052,FBgn0030839
1053,FBgn0030840
1054,FBgn0030841
1055,FBgn0030854
1056,FBgn0030863
1057,FBgn0030876
1058,FBgn0030883
1059,FBgn0030884
1060,FBgn0030893
1061,FBgn0030897
1062,FBgn0030899
1063,FBgn0030926
1064,FBgn0030928
1065,FBgn0030929
1066,FBgn0030932
1067,FBgn0030949
1068,FBgn0030955
1069,FBgn0030956
1070,FBgn0030958
1071,FBgn0030974
1072,FBgn0030985
1073,FBgn0030993
1074,FBgn0030994
1075,FBgn0030996
1076,FBgn0030999
1077,FBgn0031000
1078,FBgn0031001
1079,FBgn0031002
1080,FBgn0031005
1081,FBgn0031010
1082,FBgn0031011
1083,FBgn0031016
1084,FBgn0031022
1085,FBgn0031031
1086,FBgn0031036
1087,FBgn0031037
1088,FBgn0031044
1089,FBgn0031045
1090,FBgn0031053
1091,FBgn0031059
1092,FBgn0031066
1093,FBgn0031088
1094,FBgn0031090
1095,FBgn0031093
1096,FBgn0031097
1097,FBgn0031100
1098,FBgn0031106
1099,FBgn0031127
1100,FBgn0031132
1101,FBgn0031143
1102,FBgn0031145
1103,FBgn0031148
1104,FBgn0031150
1105,FBgn0031164
1106,FBgn0031168
1107,FBgn0031170
1108,FBgn0031171
1109,FBgn0031176
1110,FBgn0031184
1111,FBgn0031190
1112,FBgn0031191
1113,FBgn0031209
1114,FBgn0031213
1115,FBgn0031220
1116,FBgn0031227
1117,FBgn0031228
1118,FBgn0031231
1119,FBgn0031235
1120,FBgn0031244
1121,FBgn0031248
1122,FBgn0031250
1123,FBgn0031255
1124,FBgn0031257
1125,FBgn0031258
1126,FBgn0031263
1127,FBgn0031264
1128,FBgn0031265
1129,FBgn0031268
1130,FBgn0031270
1131,FBgn0031277
1132,FBgn0031279
1133,FBgn0031282
1134,FBgn0031289
1135,FBgn0031292
1136,FBgn0031301
1137,FBgn0031305
1138,FBgn0031315
1139,FBgn0031317
1140,FBgn0031318
1141,FBgn0031335
1142,FBgn0031344
1143,FBgn0031360
1144,FBgn0031367
1145,FBgn0031373
1146,FBgn0031374
1147,FBgn0031375
1148,FBgn0031378
1149,FBgn0031389
1150,FBgn0031395
1151,FBgn0031417
1152,FBgn0031428
1153,FBgn0031449
1154,FBgn0031450
1155,FBgn0031452
1156,FBgn0031453
1157,FBgn0031457
1158,FBgn0031459
1159,FBgn0031463
1160,FBgn0031465
1161,FBgn0031466
1162,FBgn0031469
1163,FBgn0031472
1164,FBgn0031493
1165,FBgn0031500
1166,FBgn0031501
1167,FBgn0031512
1168,FBgn0031517
1169,FBgn0031519
1170,FBgn0031520
1171,FBgn0031523
1172,FBgn0031528
1173,FBgn0031531
1174,FBgn0031533
1175,FBgn0031548
1176,FBgn0031550
1177,FBgn0031560
1178,FBgn0031561
1179,FBgn0031563
1180,FBgn0031564
1181,FBgn0031566
1182,FBgn0031598
1183,FBgn0031600
1184,FBgn0031603
1185,FBgn0031604
1186,FBgn0031608
1187,FBgn0031611
1188,FBgn0031619
1189,FBgn0031622
1190,FBgn0031629
1191,FBgn0031640
1192,FBgn0031643
1193,FBgn0031645
1194,FBgn0031649
1195,FBgn0031650
1196,FBgn0031651
1197,FBgn0031652
1198,FBgn0031654
1199,FBgn0031657
1200,FBgn0031659
1201,FBgn0031662
1202,FBgn0031663
1203,FBgn0031664
1204,FBgn0031675
1205,FBgn0031693
1206,FBgn0031694
1207,FBgn0031703
1208,FBgn0031707
1209,FBgn0031710
1210,FBgn0031718
1211,FBgn0031729
1212,FBgn0031732
1213,FBgn0031733
1214,FBgn0031734
1215,FBgn0031736
1216,FBgn0031747
1217,FBgn0031749
1218,FBgn0031770
1219,FBgn0031771
1220,FBgn0031772
1221,FBgn0031774
1222,FBgn0031776
1223,FBgn0031791
1224,FBgn0031800
1225,FBgn0031801
1226,FBgn0031813
1227,FBgn0031814
1228,FBgn0031815
1229,FBgn0031818
1230,FBgn0031830
1231,FBgn0031832
1232,FBgn0031854
1233,FBgn0031860
1234,FBgn0031866
1235,FBgn0031874
1236,FBgn0031876
1237,FBgn0031877
1238,FBgn0031878
1239,FBgn0031881
1240,FBgn0031887
1241,FBgn0031894
1242,FBgn0031896
1243,FBgn0031902
1244,FBgn0031906
1245,FBgn0031909
1246,FBgn0031910
1247,FBgn0031925
1248,FBgn0031926
1249,FBgn0031930
1250,FBgn0031935
1251,FBgn0031937
1252,FBgn0031940
1253,FBgn0031942
1254,FBgn0031945
1255,FBgn0031950
1256,FBgn0031954
1257,FBgn0031955
1258,FBgn0031957
1259,FBgn0031970
1260,FBgn0031971
1261,FBgn0031974
1262,FBgn0031976
1263,FBgn0031987
1264,FBgn0031988
1265,FBgn0031995
1266,FBgn0031997
1267,FBgn0031998
1268,FBgn0032001
1269,FBgn0032004
1270,FBgn0032008
1271,FBgn0032015
1272,FBgn0032024
1273,FBgn0032025
1274,FBgn0032029
1275,FBgn0032032
1276,FBgn0032033
1277,FBgn0032047
1278,FBgn0032049
1279,FBgn0032050
1280,FBgn0032052
1281,FBgn0032055
1282,FBgn0032061
1283,FBgn0032067
1284,FBgn0032077
1285,FBgn0032078
1286,FBgn0032080
1287,FBgn0032086
1288,FBgn0032090
1289,FBgn0032101
1290,FBgn0032111
1291,FBgn0032116
1292,FBgn0032120
1293,FBgn0032124
1294,FBgn0032130
1295,FBgn0032131
1296,FBgn0032136
1297,FBgn0032138
1298,FBgn0032140
1299,FBgn0032143
1300,FBgn0032147
1301,FBgn0032150
1302,FBgn0032162
1303,FBgn0032166
1304,FBgn0032171
1305,FBgn0032178
1306,FBgn0032187
1307,FBgn0032202
1308,FBgn0032204
1309,FBgn0032209
1310,FBgn0032210
1311,FBgn0032214
1312,FBgn0032217
1313,FBgn0032219
1314,FBgn0032222
1315,FBgn0032224
1316,FBgn0032229
1317,FBgn0032246
1318,FBgn0032247
1319,FBgn0032248
1320,FBgn0032250
1321,FBgn0032252
1322,FBgn0032266
1323,FBgn0032280
1324,FBgn0032284
1325,FBgn0032286
1326,FBgn0032287
1327,FBgn0032293
1328,FBgn0032299
1329,FBgn0032303
1330,FBgn0032314
1331,FBgn0032322
1332,FBgn0032329
1333,FBgn0032335
1334,FBgn0032339
1335,FBgn0032343
1336,FBgn0032348
1337,FBgn0032350
1338,FBgn0032382
1339,FBgn0032387
1340,FBgn0032390
1341,FBgn0032393
1342,FBgn0032394
1343,FBgn0032397
1344,FBgn0032400
1345,FBgn0032405
1346,FBgn0032408
1347,FBgn0032409
1348,FBgn0032414
1349,FBgn0032415
1350,FBgn0032422
1351,FBgn0032431
1352,FBgn0032436
1353,FBgn0032445
1354,FBgn0032453
1355,FBgn0032456
1356,FBgn0032465
1357,FBgn0032470
1358,FBgn0032481
1359,FBgn0032482
1360,FBgn0032483
1361,FBgn0032487
1362,FBgn0032494
1363,FBgn0032503
1364,FBgn0032506
1365,FBgn0032511
1366,FBgn0032512
1367,FBgn0032513
1368,FBgn0032516
1369,FBgn0032522
1370,FBgn0032523
1371,FBgn0032524
1372,FBgn0032538
1373,FBgn0032587
1374,FBgn0032598
1375,FBgn0032603
1376,FBgn0032638
1377,FBgn0032639
1378,FBgn0032645
1379,FBgn0032647
1380,FBgn0032651
1381,FBgn0032652
1382,FBgn0032668
1383,FBgn0032681
1384,FBgn0032690
1385,FBgn0032699
1386,FBgn0032701
1387,FBgn0032706
1388,FBgn0032717
1389,FBgn0032719
1390,FBgn0032728
1391,FBgn0032731
1392,FBgn0032734
1393,FBgn0032744
1394,FBgn0032751
1395,FBgn0032754
1396,FBgn0032775
1397,FBgn0032787
1398,FBgn0032790
1399,FBgn0032801
1400,FBgn0032803
1401,FBgn0032805
1402,FBgn0032810
1403,FBgn0032816
1404,FBgn0032820
1405,FBgn0032833
1406,FBgn0032835
1407,FBgn0032845
1408,FBgn0032846
1409,FBgn0032847
1410,FBgn0032848
1411,FBgn0032850
1412,FBgn0032871
1413,FBgn0032873
1414,FBgn0032877
1415,FBgn0032880
1416,FBgn0032881
1417,FBgn0032883
1418,FBgn0032884
1419,FBgn0032891
1420,FBgn0032896
1421,FBgn0032897
1422,FBgn0032908
1423,FBgn0032911
1424,FBgn0032922
1425,FBgn0032925
1426,FBgn0032935
1427,FBgn0032938
1428,FBgn0032943
1429,FBgn0032945
1430,FBgn0032949
1431,FBgn0032956
1432,FBgn0032966
1433,FBgn0032972
1434,FBgn0032973
1435,FBgn0032986
1436,FBgn0032987
1437,FBgn0032988
1438,FBgn0032997
1439,FBgn0033005
1440,FBgn0033010
1441,FBgn0033028
1442,FBgn0033031
1443,FBgn0033038
1444,FBgn0033047
1445,FBgn0033048
1446,FBgn0033050
1447,FBgn0033051
1448,FBgn0033072
1449,FBgn0033074
1450,FBgn0033079
1451,FBgn0033085
1452,FBgn0033086
1453,FBgn0033088
1454,FBgn0033096
1455,FBgn0033108
1456,FBgn0033110
1457,FBgn0033128
1458,FBgn0033130
1459,FBgn0033133
1460,FBgn0033134
1461,FBgn0033135
1462,FBgn0033137
1463,FBgn0033153
1464,FBgn0033154
1465,FBgn0033158
1466,FBgn0033159
1467,FBgn0033160
1468,FBgn0033177
1469,FBgn0033184
1470,FBgn0033190
1471,FBgn0033194
1472,FBgn0033207
1473,FBgn0033208
1474,FBgn0033212
1475,FBgn0033214
1476,FBgn0033216
1477,FBgn0033234
1478,FBgn0033238
1479,FBgn0033243
1480,FBgn0033246
1481,FBgn0033247
1482,FBgn0033250
1483,FBgn0033258
1484,FBgn0033261
1485,FBgn0033268
1486,FBgn0033296
1487,FBgn0033304
1488,FBgn0033307
1489,FBgn0033308
1490,FBgn0033313
1491,FBgn0033327
1492,FBgn0033350
1493,FBgn0033353
1494,FBgn0033355
1495,FBgn0033357
1496,FBgn0033365
1497,FBgn0033371
1498,FBgn0033372
1499,FBgn0033375
1500,FBgn0033376
1501,FBgn0033378
1502,FBgn0033379
1503,FBgn0033382
1504,FBgn0033387
1505,FBgn0033389
1506,FBgn0033395
1507,FBgn0033401
1508,FBgn0033403
1509,FBgn0033404
1510,FBgn0033408
1511,FBgn0033413
1512,FBgn0033422
1513,FBgn0033427
1514,FBgn0033429
1515,FBgn0033438
1516,FBgn0033439
1517,FBgn0033449
1518,FBgn0033451
1519,FBgn0033454
1520,FBgn0033457
1521,FBgn0033461
1522,FBgn0033473
1523,FBgn0033474
1524,FBgn0033475
1525,FBgn0033476
1526,FBgn0033479
1527,FBgn0033480
1528,FBgn0033482
1529,FBgn0033483
1530,FBgn0033484
1531,FBgn0033490
1532,FBgn0033491
1533,FBgn0033499
1534,FBgn0033520
1535,FBgn0033524
1536,FBgn0033528
1537,FBgn0033547
1538,FBgn0033558
1539,FBgn0033564
1540,FBgn0033574
1541,FBgn0033598
1542,FBgn0033615
1543,FBgn0033624
1544,FBgn0033627
1545,FBgn0033636
1546,FBgn0033639
1547,FBgn0033644
1548,FBgn0033645
1549,FBgn0033649
1550,FBgn0033652
1551,FBgn0033659
1552,FBgn0033667
1553,FBgn0033668
1554,FBgn0033677
1555,FBgn0033679
1556,FBgn0033685
1557,FBgn0033686
1558,FBgn0033692
1559,FBgn0033697
1560,FBgn0033699
1561,FBgn0033708
1562,FBgn0033716
1563,FBgn0033721
1564,FBgn0033724
1565,FBgn0033725
1566,FBgn0033728
1567,FBgn0033729
1568,FBgn0033730
1569,FBgn0033731
1570,FBgn0033734
1571,FBgn0033735
1572,FBgn0033742
1573,FBgn0033751
1574,FBgn0033755
1575,FBgn0033762
1576,FBgn0033769
1577,FBgn0033777
1578,FBgn0033778
1579,FBgn0033787
1580,FBgn0033788
1581,FBgn0033789
1582,FBgn0033791
1583,FBgn0033792
1584,FBgn0033799
1585,FBgn0033802
1586,FBgn0033809
1587,FBgn0033810
1588,FBgn0033830
1589,FBgn0033850
1590,FBgn0033851
1591,FBgn0033853
1592,FBgn0033859
1593,FBgn0033866
1594,FBgn0033867
1595,FBgn0033869
1596,FBgn0033871
1597,FBgn0033883
1598,FBgn0033886
1599,FBgn0033891
1600,FBgn0033900
1601,FBgn0033901
1602,FBgn0033903
1603,FBgn0033904
1604,FBgn0033905
1605,FBgn0033906
1606,FBgn0033916
1607,FBgn0033924
1608,FBgn0033926
1609,FBgn0033929
1610,FBgn0033933
1611,FBgn0033951
1612,FBgn0033960
1613,FBgn0033969
1614,FBgn0033978
1615,FBgn0033981
1616,FBgn0033982
1617,FBgn0033983
1618,FBgn0033989
1619,FBgn0033995
1620,FBgn0033997
1621,FBgn0034000
1622,FBgn0034001
1623,FBgn0034022
1624,FBgn0034027
1625,FBgn0034030
1626,FBgn0034032
1627,FBgn0034045
1628,FBgn0034047
1629,FBgn0034050
1630,FBgn0034053
1631,FBgn0034058
1632,FBgn0034059
1633,FBgn0034063
1634,FBgn0034070
1635,FBgn0034072
1636,FBgn0034075
1637,FBgn0034076
1638,FBgn0034086
1639,FBgn0034094
1640,FBgn0034095
1641,FBgn0034105
1642,FBgn0034126
1643,FBgn0034138
1644,FBgn0034141
1645,FBgn0034158
1646,FBgn0034159
1647,FBgn0034160
1648,FBgn0034165
1649,FBgn0034173
1650,FBgn0034175
1651,FBgn0034177
1652,FBgn0034181
1653,FBgn0034183
1654,FBgn0034184
1655,FBgn0034199
1656,FBgn0034202
1657,FBgn0034206
1658,FBgn0034221
1659,FBgn0034224
1660,FBgn0034245
1661,FBgn0034253
1662,FBgn0034258
1663,FBgn0034267
1664,FBgn0034270
1665,FBgn0034272
1666,FBgn0034282
1667,FBgn0034288
1668,FBgn0034289
1669,FBgn0034291
1670,FBgn0034292
1671,FBgn0034294
1672,FBgn0034295
1673,FBgn0034296
1674,FBgn0034301
1675,FBgn0034308
1676,FBgn0034318
1677,FBgn0034325
1678,FBgn0034329
1679,FBgn0034330
1680,FBgn0034354
1681,FBgn0034361
1682,FBgn0034363
1683,FBgn0034365
1684,FBgn0034381
1685,FBgn0034382
1686,FBgn0034391
1687,FBgn0034394
1688,FBgn0034398
1689,FBgn0034399
1690,FBgn0034405
1691,FBgn0034408
1692,FBgn0034415
1693,FBgn0034417
1694,FBgn0034422
1695,FBgn0034428
1696,FBgn0034436
1697,FBgn0034443
1698,FBgn0034455
1699,FBgn0034462
1700,FBgn0034464
1701,FBgn0034470
1702,FBgn0034471
1703,FBgn0034472
1704,FBgn0034479
1705,FBgn0034484
1706,FBgn0034486
1707,FBgn0034487
1708,FBgn0034490
1709,FBgn0034493
1710,FBgn0034494
1711,FBgn0034501
1712,FBgn0034504
1713,FBgn0034511
1714,FBgn0034513
1715,FBgn0034520
1716,FBgn0034530
1717,FBgn0034532
1718,FBgn0034534
1719,FBgn0034535
1720,FBgn0034539
1721,FBgn0034541
1722,FBgn0034553
1723,FBgn0034565
1724,FBgn0034577
1725,FBgn0034583
1726,FBgn0034595
1727,FBgn0034605
1728,FBgn0034618
1729,FBgn0034623
1730,FBgn0034626
1731,FBgn0034628
1732,FBgn0034643
1733,FBgn0034644
1734,FBgn0034645
1735,FBgn0034646
1736,FBgn0034650
1737,FBgn0034654
1738,FBgn0034655
1739,FBgn0034661
1740,FBgn0034662
1741,FBgn0034663
1742,FBgn0034664
1743,FBgn0034684
1744,FBgn0034687
1745,FBgn0034693
1746,FBgn0034697
1747,FBgn0034700
1748,FBgn0034706
1749,FBgn0034709
1750,FBgn0034710
1751,FBgn0034713
1752,FBgn0034715
1753,FBgn0034718
1754,FBgn0034726
1755,FBgn0034733
1756,FBgn0034737
1757,FBgn0034739
1758,FBgn0034740
1759,FBgn0034741
1760,FBgn0034744
1761,FBgn0034750
1762,FBgn0034755
1763,FBgn0034788
1764,FBgn0034800
1765,FBgn0034802
1766,FBgn0034817
1767,FBgn0034846
1768,FBgn0034849
1769,FBgn0034856
1770,FBgn0034860
1771,FBgn0034861
1772,FBgn0034865
1773,FBgn0034866
1774,FBgn0034877
1775,FBgn0034882
1776,FBgn0034883
1777,FBgn0034893
1778,FBgn0034894
1779,FBgn0034899
1780,FBgn0034901
1781,FBgn0034902
1782,FBgn0034903
1783,FBgn0034909
1784,FBgn0034914
1785,FBgn0034933
1786,FBgn0034936
1787,FBgn0034940
1788,FBgn0034945
1789,FBgn0034961
1790,FBgn0034962
1791,FBgn0034971
1792,FBgn0034974
1793,FBgn0034975
1794,FBgn0034990
1795,FBgn0035014
1796,FBgn0035016
1797,FBgn0035023
1798,FBgn0035031
1799,FBgn0035032
1800,FBgn0035034
1801,FBgn0035035
1802,FBgn0035039
1803,FBgn0035042
1804,FBgn0035044
1805,FBgn0035046
1806,FBgn0035047
1807,FBgn0035049
1808,FBgn0035059
1809,FBgn0035065
1810,FBgn0035073
1811,FBgn0035076
1812,FBgn0035078
1813,FBgn0035082
1814,FBgn0035083
1815,FBgn0035087
1816,FBgn0035089
1817,FBgn0035091
1818,FBgn0035094
1819,FBgn0035099
1820,FBgn0035107
1821,FBgn0035109
1822,FBgn0035113
1823,FBgn0035120
1824,FBgn0035124
1825,FBgn0035146
1826,FBgn0035147
1827,FBgn0035150
1828,FBgn0035157
1829,FBgn0035158
1830,FBgn0035162
1831,FBgn0035166
1832,FBgn0035167
1833,FBgn0035169
1834,FBgn0035189
1835,FBgn0035193
1836,FBgn0035203
1837,FBgn0035204
1838,FBgn0035211
1839,FBgn0035228
1840,FBgn0035235
1841,FBgn0035244
1842,FBgn0035246
1843,FBgn0035247
1844,FBgn0035249
1845,FBgn0035251
1846,FBgn0035254
1847,FBgn0035258
1848,FBgn0035260
1849,FBgn0035262
1850,FBgn0035264
1851,FBgn0035265
1852,FBgn0035266
1853,FBgn0035268
1854,FBgn0035271
1855,FBgn0035281
1856,FBgn0035293
1857,FBgn0035294
1858,FBgn0035298
1859,FBgn0035309
1860,FBgn0035323
1861,FBgn0035325
1862,FBgn0035332
1863,FBgn0035335
1864,FBgn0035343
1865,FBgn0035355
1866,FBgn0035357
1867,FBgn0035360
1868,FBgn0035370
1869,FBgn0035382
1870,FBgn0035384
1871,FBgn0035388
1872,FBgn0035392
1873,FBgn0035398
1874,FBgn0035400
1875,FBgn0035412
1876,FBgn0035421
1877,FBgn0035422
1878,FBgn0035429
1879,FBgn0035430
1880,FBgn0035431
1881,FBgn0035432
1882,FBgn0035434
1883,FBgn0035443
1884,FBgn0035444
1885,FBgn0035462
1886,FBgn0035469
1887,FBgn0035470
1888,FBgn0035479
1889,FBgn0035483
1890,FBgn0035484
1891,FBgn0035490
1892,FBgn0035495
1893,FBgn0035499
1894,FBgn0035504
1895,FBgn0035505
1896,FBgn0035508
1897,FBgn0035510
1898,FBgn0035512
1899,FBgn0035517
1900,FBgn0035519
1901,FBgn0035520
1902,FBgn0035522
1903,FBgn0035523
1904,FBgn0035526
1905,FBgn0035537
1906,FBgn0035538
1907,FBgn0035539
1908,FBgn0035542
1909,FBgn0035544
1910,FBgn0035546
1911,FBgn0035550
1912,FBgn0035551
1913,FBgn0035552
1914,FBgn0035553
1915,FBgn0035571
1916,FBgn0035581
1917,FBgn0035583
1918,FBgn0035587
1919,FBgn0035589
1920,FBgn0035592
1921,FBgn0035598
1922,FBgn0035600
1923,FBgn0035601
1924,FBgn0035607
1925,FBgn0035612
1926,FBgn0035620
1927,FBgn0035621
1928,FBgn0035622
1929,FBgn0035624
1930,FBgn0035643
1931,FBgn0035648
1932,FBgn0035657
1933,FBgn0035665
1934,FBgn0035666
1935,FBgn0035667
1936,FBgn0035673
1937,FBgn0035676
1938,FBgn0035689
1939,FBgn0035691
1940,FBgn0035695
1941,FBgn0035699
1942,FBgn0035704
1943,FBgn0035710
1944,FBgn0035715
1945,FBgn0035718
1946,FBgn0035719
1947,FBgn0035721
1948,FBgn0035727
1949,FBgn0035734
1950,FBgn0035737
1951,FBgn0035743
1952,FBgn0035750
1953,FBgn0035761
1954,FBgn0035763
1955,FBgn0035770
1956,FBgn0035772
1957,FBgn0035777
1958,FBgn0035779
1959,FBgn0035780
1960,FBgn0035800
1961,FBgn0035811
1962,FBgn0035812
1963,FBgn0035813
1964,FBgn0035815
1965,FBgn0035825
1966,FBgn0035830
1967,FBgn0035839
1968,FBgn0035844
1969,FBgn0035849
1970,FBgn0035851
1971,FBgn0035857
1972,FBgn0035859
1973,FBgn0035870
1974,FBgn0035875
1975,FBgn0035876
1976,FBgn0035878
1977,FBgn0035879
1978,FBgn0035886
1979,FBgn0035887
1980,FBgn0035888
1981,FBgn0035890
1982,FBgn0035903
1983,FBgn0035907
1984,FBgn0035911
1985,FBgn0035915
1986,FBgn0035916
1987,FBgn0035933
1988,FBgn0035936
1989,FBgn0035941
1990,FBgn0035942
1991,FBgn0035945
1992,FBgn0035947
1993,FBgn0035949
1994,FBgn0035951
1995,FBgn0035952
1996,FBgn0035970
1997,FBgn0035977
1998,FBgn0035978
1999,FBgn0035985
2000,FBgn0035986
2001,FBgn0035998
2002,FBgn0036007
2003,FBgn0036019
2004,FBgn0036028
2005,FBgn0036029
2006,FBgn0036036
2007,FBgn0036039
2008,FBgn0036040
2009,FBgn0036066
2010,FBgn0036070
2011,FBgn0036094
2012,FBgn0036108
2013,FBgn0036110
2014,FBgn0036111
2015,FBgn0036116
2016,FBgn0036117
2017,FBgn0036124
2018,FBgn0036133
2019,FBgn0036134
2020,FBgn0036135
2021,FBgn0036142
2022,FBgn0036143
2023,FBgn0036152
2024,FBgn0036156
2025,FBgn0036158
2026,FBgn0036181
2027,FBgn0036198
2028,FBgn0036199
2029,FBgn0036202
2030,FBgn0036214
2031,FBgn0036221
2032,FBgn0036225
2033,FBgn0036226
2034,FBgn0036227
2035,FBgn0036228
2036,FBgn0036229
2037,FBgn0036230
2038,FBgn0036235
2039,FBgn0036236
2040,FBgn0036257
2041,FBgn0036262
2042,FBgn0036264
2043,FBgn0036266
2044,FBgn0036273
2045,FBgn0036278
2046,FBgn0036279
2047,FBgn0036287
2048,FBgn0036288
2049,FBgn0036289
2050,FBgn0036292
2051,FBgn0036316
2052,FBgn0036333
2053,FBgn0036335
2054,FBgn0036336
2055,FBgn0036351
2056,FBgn0036353
2057,FBgn0036354
2058,FBgn0036356
2059,FBgn0036359
2060,FBgn0036360
2061,FBgn0036361
2062,FBgn0036362
2063,FBgn0036363
2064,FBgn0036366
2065,FBgn0036373
2066,FBgn0036382
2067,FBgn0036393
2068,FBgn0036397
2069,FBgn0036403
2070,FBgn0036410
2071,FBgn0036416
2072,FBgn0036417
2073,FBgn0036419
2074,FBgn0036433
2075,FBgn0036436
2076,FBgn0036447
2077,FBgn0036462
2078,FBgn0036465
2079,FBgn0036467
2080,FBgn0036474
2081,FBgn0036476
2082,FBgn0036489
2083,FBgn0036492
2084,FBgn0036493
2085,FBgn0036494
2086,FBgn0036512
2087,FBgn0036516
2088,FBgn0036518
2089,FBgn0036519
2090,FBgn0036534
2091,FBgn0036536
2092,FBgn0036537
2093,FBgn0036538
2094,FBgn0036545
2095,FBgn0036563
2096,FBgn0036571
2097,FBgn0036576
2098,FBgn0036579
2099,FBgn0036583
2100,FBgn0036589
2101,FBgn0036594
2102,FBgn0036597
2103,FBgn0036599
2104,FBgn0036602
2105,FBgn0036603
2106,FBgn0036605
2107,FBgn0036606
2108,FBgn0036612
2109,FBgn0036617
2110,FBgn0036622
2111,FBgn0036643
2112,FBgn0036656
2113,FBgn0036661
2114,FBgn0036662
2115,FBgn0036663
2116,FBgn0036667
2117,FBgn0036668
2118,FBgn0036670
2119,FBgn0036671
2120,FBgn0036677
2121,FBgn0036680
2122,FBgn0036689
2123,FBgn0036691
2124,FBgn0036695
2125,FBgn0036698
2126,FBgn0036702
2127,FBgn0036703
2128,FBgn0036705
2129,FBgn0036706
2130,FBgn0036717
2131,FBgn0036726
2132,FBgn0036727
2133,FBgn0036733
2134,FBgn0036734
2135,FBgn0036740
2136,FBgn0036741
2137,FBgn0036750
2138,FBgn0036756
2139,FBgn0036757
2140,FBgn0036759
2141,FBgn0036760
2142,FBgn0036764
2143,FBgn0036765
2144,FBgn0036769
2145,FBgn0036771
2146,FBgn0036773
2147,FBgn0036774
2148,FBgn0036777
2149,FBgn0036778
2150,FBgn0036795
2151,FBgn0036804
2152,FBgn0036806
2153,FBgn0036813
2154,FBgn0036814
2155,FBgn0036822
2156,FBgn0036824
2157,FBgn0036825
2158,FBgn0036827
2159,FBgn0036828
2160,FBgn0036832
2161,FBgn0036837
2162,FBgn0036838
2163,FBgn0036846
2164,FBgn0036848
2165,FBgn0036849
2166,FBgn0036853
2167,FBgn0036874
2168,FBgn0036876
2169,FBgn0036880
2170,FBgn0036886
2171,FBgn0036887
2172,FBgn0036890
2173,FBgn0036891
2174,FBgn0036892
2175,FBgn0036896
2176,FBgn0036897
2177,FBgn0036900
2178,FBgn0036906
2179,FBgn0036909
2180,FBgn0036910
2181,FBgn0036916
2182,FBgn0036921
2183,FBgn0036932
2184,FBgn0036940
2185,FBgn0036947
2186,FBgn0036948
2187,FBgn0036949
2188,FBgn0036950
2189,FBgn0036951
2190,FBgn0036952
2191,FBgn0036953
2192,FBgn0036959
2193,FBgn0036967
2194,FBgn0036972
2195,FBgn0036979
2196,FBgn0036980
2197,FBgn0036985
2198,FBgn0036988
2199,FBgn0036992
2200,FBgn0036993
2201,FBgn0036996
2202,FBgn0036999
2203,FBgn0037007
2204,FBgn0037012
2205,FBgn0037016
2206,FBgn0037017
2207,FBgn0037018
2208,FBgn0037019
2209,FBgn0037024
2210,FBgn0037026
2211,FBgn0037028
2212,FBgn0037030
2213,FBgn0037031
2214,FBgn0037037
2215,FBgn0037039
2216,FBgn0037045
2217,FBgn0037060
2218,FBgn0037061
2219,FBgn0037063
2220,FBgn0037065
2221,FBgn0037070
2222,FBgn0037071
2223,FBgn0037084
2224,FBgn0037085
2225,FBgn0037087
2226,FBgn0037090
2227,FBgn0037092
2228,FBgn0037102
2229,FBgn0037110
2230,FBgn0037114
2231,FBgn0037127
2232,FBgn0037128
2233,FBgn0037133
2234,FBgn0037135
2235,FBgn0037140
2236,FBgn0037143
2237,FBgn0037149
2238,FBgn0037151
2239,FBgn0037153
2240,FBgn0037162
2241,FBgn0037165
2242,FBgn0037166
2243,FBgn0037171
2244,FBgn0037181
2245,FBgn0037183
2246,FBgn0037197
2247,FBgn0037199
2248,FBgn0037200
2249,FBgn0037203
2250,FBgn0037206
2251,FBgn0037215
2252,FBgn0037218
2253,FBgn0037229
2254,FBgn0037230
2255,FBgn0037236
2256,FBgn0037242
2257,FBgn0037244
2258,FBgn0037250
2259,FBgn0037252
2260,FBgn0037255
2261,FBgn0037262
2262,FBgn0037263
2263,FBgn0037265
2264,FBgn0037279
2265,FBgn0037282
2266,FBgn0037288
2267,FBgn0037298
2268,FBgn0037301
2269,FBgn0037305
2270,FBgn0037310
2271,FBgn0037332
2272,FBgn0037341
2273,FBgn0037345
2274,FBgn0037347
2275,FBgn0037350
2276,FBgn0037356
2277,FBgn0037358
2278,FBgn0037360
2279,FBgn0037365
2280,FBgn0037376
2281,FBgn0037386
2282,FBgn0037387
2283,FBgn0037396
2284,FBgn0037406
2285,FBgn0037411
2286,FBgn0037412
2287,FBgn0037414
2288,FBgn0037416
2289,FBgn0037419
2290,FBgn0037429
2291,FBgn0037432
2292,FBgn0037433
2293,FBgn0037443
2294,FBgn0037446
2295,FBgn0037448
2296,FBgn0037455
2297,FBgn0037468
2298,FBgn0037473
2299,FBgn0037482
2300,FBgn0037486
2301,FBgn0037487
2302,FBgn0037488
2303,FBgn0037503
2304,FBgn0037504
2305,FBgn0037506
2306,FBgn0037512
2307,FBgn0037513
2308,FBgn0037516
2309,FBgn0037518
2310,FBgn0037519
2311,FBgn0037526
2312,FBgn0037530
2313,FBgn0037534
2314,FBgn0037535
2315,FBgn0037536
2316,FBgn0037538
2317,FBgn0037543
2318,FBgn0037544
2319,FBgn0037546
2320,FBgn0037548
2321,FBgn0037553
2322,FBgn0037556
2323,FBgn0037560
2324,FBgn0037570
2325,FBgn0037579
2326,FBgn0037602
2327,FBgn0037606
2328,FBgn0037609
2329,FBgn0037610
2330,FBgn0037613
2331,FBgn0037617
2332,FBgn0037622
2333,FBgn0037624
2334,FBgn0037630
2335,FBgn0037633
2336,FBgn0037652
2337,FBgn0037656
2338,FBgn0037660
2339,FBgn0037665
2340,FBgn0037667
2341,FBgn0037668
2342,FBgn0037672
2343,FBgn0037677
2344,FBgn0037687
2345,FBgn0037697
2346,FBgn0037705
2347,FBgn0037714
2348,FBgn0037715
2349,FBgn0037716
2350,FBgn0037719
2351,FBgn0037724
2352,FBgn0037726
2353,FBgn0037737
2354,FBgn0037747
2355,FBgn0037749
2356,FBgn0037750
2357,FBgn0037751
2358,FBgn0037755
2359,FBgn0037761
2360,FBgn0037762
2361,FBgn0037763
2362,FBgn0037764
2363,FBgn0037765
2364,FBgn0037779
2365,FBgn0037783
2366,FBgn0037802
2367,FBgn0037811
2368,FBgn0037827
2369,FBgn0037829
2370,FBgn0037831
2371,FBgn0037837
2372,FBgn0037838
2373,FBgn0037841
2374,FBgn0037843
2375,FBgn0037845
2376,FBgn0037846
2377,FBgn0037849
2378,FBgn0037852
2379,FBgn0037857
2380,FBgn0037870
2381,FBgn0037873
2382,FBgn0037875
2383,FBgn0037880
2384,FBgn0037883
2385,FBgn0037885
2386,FBgn0037896
2387,FBgn0037900
2388,FBgn0037913
2389,FBgn0037915
2390,FBgn0037916
2391,FBgn0037921
2392,FBgn0037923
2393,FBgn0037936
2394,FBgn0037941
2395,FBgn0037942
2396,FBgn0037955
2397,FBgn0037964
2398,FBgn0037972
2399,FBgn0037974
2400,FBgn0037975
2401,FBgn0037992
2402,FBgn0037993
2403,FBgn0038002
2404,FBgn0038007
2405,FBgn0038008
2406,FBgn0038013
2407,FBgn0038020
2408,FBgn0038029
2409,FBgn0038038
2410,FBgn0038049
2411,FBgn0038056
2412,FBgn0038058
2413,FBgn0038063
2414,FBgn0038067
2415,FBgn0038071
2416,FBgn0038073
2417,FBgn0038074
2418,FBgn0038076
2419,FBgn0038083
2420,FBgn0038098
2421,FBgn0038102
2422,FBgn0038105
2423,FBgn0038110
2424,FBgn0038123
2425,FBgn0038124
2426,FBgn0038125
2427,FBgn0038126
2428,FBgn0038128
2429,FBgn0038131
2430,FBgn0038134
2431,FBgn0038136
2432,FBgn0038144
2433,FBgn0038151
2434,FBgn0038156
2435,FBgn0038158
2436,FBgn0038165
2437,FBgn0038167
2438,FBgn0038170
2439,FBgn0038179
2440,FBgn0038180
2441,FBgn0038198
2442,FBgn0038201
2443,FBgn0038205
2444,FBgn0038207
2445,FBgn0038209
2446,FBgn0038224
2447,FBgn0038233
2448,FBgn0038235
2449,FBgn0038236
2450,FBgn0038239
2451,FBgn0038241
2452,FBgn0038242
2453,FBgn0038243
2454,FBgn0038246
2455,FBgn0038247
2456,FBgn0038256
2457,FBgn0038257
2458,FBgn0038262
2459,FBgn0038273
2460,FBgn0038275
2461,FBgn0038279
2462,FBgn0038281
2463,FBgn0038286
2464,FBgn0038290
2465,FBgn0038296
2466,FBgn0038307
2467,FBgn0038326
2468,FBgn0038331
2469,FBgn0038332
2470,FBgn0038337
2471,FBgn0038339
2472,FBgn0038343
2473,FBgn0038349
2474,FBgn0038350
2475,FBgn0038357
2476,FBgn0038358
2477,FBgn0038371
2478,FBgn0038387
2479,FBgn0038388
2480,FBgn0038395
2481,FBgn0038398
2482,FBgn0038405
2483,FBgn0038407
2484,FBgn0038412
2485,FBgn0038415
2486,FBgn0038420
2487,FBgn0038422
2488,FBgn0038424
2489,FBgn0038427
2490,FBgn0038429
2491,FBgn0038431
2492,FBgn0038438
2493,FBgn0038440
2494,FBgn0038449
2495,FBgn0038454
2496,FBgn0038461
2497,FBgn0038463
2498,FBgn0038465
2499,FBgn0038470
2500,FBgn0038481
2501,FBgn0038486
2502,FBgn0038492
2503,FBgn0038506
2504,FBgn0038508
2505,FBgn0038509
2506,FBgn0038523
2507,FBgn0038524
2508,FBgn0038535
2509,FBgn0038545
2510,FBgn0038549
2511,FBgn0038552
2512,FBgn0038569
2513,FBgn0038589
2514,FBgn0038590
2515,FBgn0038593
2516,FBgn0038596
2517,FBgn0038626
2518,FBgn0038627
2519,FBgn0038640
2520,FBgn0038642
2521,FBgn0038643
2522,FBgn0038645
2523,FBgn0038646
2524,FBgn0038647
2525,FBgn0038649
2526,FBgn0038652
2527,FBgn0038658
2528,FBgn0038660
2529,FBgn0038662
2530,FBgn0038665
2531,FBgn0038666
2532,FBgn0038672
2533,FBgn0038674
2534,FBgn0038675
2535,FBgn0038676
2536,FBgn0038678
2537,FBgn0038683
2538,FBgn0038691
2539,FBgn0038700
2540,FBgn0038701
2541,FBgn0038702
2542,FBgn0038704
2543,FBgn0038705
2544,FBgn0038708
2545,FBgn0038709
2546,FBgn0038715
2547,FBgn0038717
2548,FBgn0038718
2549,FBgn0038721
2550,FBgn0038731
2551,FBgn0038739
2552,FBgn0038740
2553,FBgn0038746
2554,FBgn0038747
2555,FBgn0038752
2556,FBgn0038760
2557,FBgn0038771
2558,FBgn0038783
2559,FBgn0038784
2560,FBgn0038795
2561,FBgn0038808
2562,FBgn0038809
2563,FBgn0038810
2564,FBgn0038814
2565,FBgn0038821
2566,FBgn0038830
2567,FBgn0038837
2568,FBgn0038846
2569,FBgn0038850
2570,FBgn0038855
2571,FBgn0038857
2572,FBgn0038858
2573,FBgn0038859
2574,FBgn0038865
2575,FBgn0038871
2576,FBgn0038878
2577,FBgn0038880
2578,FBgn0038886
2579,FBgn0038889
2580,FBgn0038893
2581,FBgn0038897
2582,FBgn0038917
2583,FBgn0038922
2584,FBgn0038924
2585,FBgn0038938
2586,FBgn0038941
2587,FBgn0038943
2588,FBgn0038944
2589,FBgn0038953
2590,FBgn0038956
2591,FBgn0038958
2592,FBgn0038960
2593,FBgn0038961
2594,FBgn0038967
2595,FBgn0038974
2596,FBgn0038976
2597,FBgn0038984
2598,FBgn0039002
2599,FBgn0039003
2600,FBgn0039017
2601,FBgn0039020
2602,FBgn0039023
2603,FBgn0039024
2604,FBgn0039026
2605,FBgn0039027
2606,FBgn0039028
2607,FBgn0039029
2608,FBgn0039030
2609,FBgn0039040
2610,FBgn0039041
2611,FBgn0039042
2612,FBgn0039044
2613,FBgn0039048
2614,FBgn0039052
2615,FBgn0039054
2616,FBgn0039058
2617,FBgn0039081
2618,FBgn0039083
2619,FBgn0039085
2620,FBgn0039087
2621,FBgn0039098
2622,FBgn0039099
2623,FBgn0039109
2624,FBgn0039111
2625,FBgn0039113
2626,FBgn0039117
2627,FBgn0039120
2628,FBgn0039129
2629,FBgn0039130
2630,FBgn0039131
2631,FBgn0039135
2632,FBgn0039136
2633,FBgn0039140
2634,FBgn0039156
2635,FBgn0039158
2636,FBgn0039159
2637,FBgn0039161
2638,FBgn0039169
2639,FBgn0039172
2640,FBgn0039184
2641,FBgn0039187
2642,FBgn0039192
2643,FBgn0039203
2644,FBgn0039204
2645,FBgn0039205
2646,FBgn0039209
2647,FBgn0039210
2648,FBgn0039218
2649,FBgn0039219
2650,FBgn0039229
2651,FBgn0039234
2652,FBgn0039238
2653,FBgn0039241
2654,FBgn0039252
2655,FBgn0039254
2656,FBgn0039257
2657,FBgn0039259
2658,FBgn0039264
2659,FBgn0039266
2660,FBgn0039273
2661,FBgn0039283
2662,FBgn0039286
2663,FBgn0039290
2664,FBgn0039298
2665,FBgn0039299
2666,FBgn0039307
2667,FBgn0039311
2668,FBgn0039313
2669,FBgn0039315
2670,FBgn0039316
2671,FBgn0039324
2672,FBgn0039325
2673,FBgn0039339
2674,FBgn0039347
2675,FBgn0039348
2676,FBgn0039349
2677,FBgn0039357
2678,FBgn0039359
2679,FBgn0039387
2680,FBgn0039402
2681,FBgn0039404
2682,FBgn0039408
2683,FBgn0039419
2684,FBgn0039427
2685,FBgn0039430
2686,FBgn0039431
2687,FBgn0039435
2688,FBgn0039452
2689,FBgn0039453
2690,FBgn0039462
2691,FBgn0039466
2692,FBgn0039471
2693,FBgn0039474
2694,FBgn0039475
2695,FBgn0039476
2696,FBgn0039478
2697,FBgn0039479
2698,FBgn0039480
2699,FBgn0039483
2700,FBgn0039492
2701,FBgn0039495
2702,FBgn0039503
2703,FBgn0039504
2704,FBgn0039507
2705,FBgn0039510
2706,FBgn0039519
2707,FBgn0039520
2708,FBgn0039525
2709,FBgn0039531
2710,FBgn0039537
2711,FBgn0039544
2712,FBgn0039552
2713,FBgn0039557
2714,FBgn0039590
2715,FBgn0039592
2716,FBgn0039594
2717,FBgn0039602
2718,FBgn0039609
2719,FBgn0039626
2720,FBgn0039630
2721,FBgn0039636
2722,FBgn0039639
2723,FBgn0039641
2724,FBgn0039651
2725,FBgn0039663
2726,FBgn0039664
2727,FBgn0039669
2728,FBgn0039670
2729,FBgn0039671
2730,FBgn0039673
2731,FBgn0039674
2732,FBgn0039678
2733,FBgn0039679
2734,FBgn0039683
2735,FBgn0039685
2736,FBgn0039686
2737,FBgn0039688
2738,FBgn0039694
2739,FBgn0039697
2740,FBgn0039698
2741,FBgn0039704
2742,FBgn0039723
2743,FBgn0039727
2744,FBgn0039728
2745,FBgn0039735
2746,FBgn0039736
2747,FBgn0039740
2748,FBgn0039741
2749,FBgn0039742
2750,FBgn0039743
2751,FBgn0039744
2752,FBgn0039748
2753,FBgn0039749
2754,FBgn0039755
2755,FBgn0039757
2756,FBgn0039758
2757,FBgn0039761
2758,FBgn0039766
2759,FBgn0039777
2760,FBgn0039787
2761,FBgn0039788
2762,FBgn0039789
2763,FBgn0039795
2764,FBgn0039796
2765,FBgn0039802
2766,FBgn0039805
2767,FBgn0039806
2768,FBgn0039808
2769,FBgn0039810
2770,FBgn0039820
2771,FBgn0039844
2772,FBgn0039848
2773,FBgn0039849
2774,FBgn0039852
2775,FBgn0039856
2776,FBgn0039857
2777,FBgn0039858
2778,FBgn0039862
2779,FBgn0039872
2780,FBgn0039873
2781,FBgn0039875
2782,FBgn0039876
2783,FBgn0039877
2784,FBgn0039881
2785,FBgn0039882
2786,FBgn0039887
2787,FBgn0039889
2788,FBgn0039890
2789,FBgn0039902
2790,FBgn0039904
2791,FBgn0039923
2792,FBgn0039924
2793,FBgn0039928
2794,FBgn0039930
2795,FBgn0039932
2796,FBgn0039937
2797,FBgn0039941
2798,FBgn0039944
2799,FBgn0039955
2800,FBgn0039958
2801,FBgn0039959
2802,FBgn0039970
2803,FBgn0039993
2804,FBgn0040001
2805,FBgn0040005
2806,FBgn0040011
2807,FBgn0040056
2808,FBgn0040060
2809,FBgn0040070
2810,FBgn0040074
2811,FBgn0040096
2812,FBgn0040153
2813,FBgn0040211
2814,FBgn0040212
2815,FBgn0040234
2816,FBgn0040236
2817,FBgn0040237
2818,FBgn0040239
2819,FBgn0040252
2820,FBgn0040255
2821,FBgn0040256
2822,FBgn0040257
2823,FBgn0040260
2824,FBgn0040285
2825,FBgn0040291
2826,FBgn0040299
2827,FBgn0040309
2828,FBgn0040323
2829,FBgn0040333
2830,FBgn0040336
2831,FBgn0040337
2832,FBgn0040345
2833,FBgn0040350
2834,FBgn0040351
2835,FBgn0040356
2836,FBgn0040358
2837,FBgn0040359
2838,FBgn0040361
2839,FBgn0040367
2840,FBgn0040375
2841,FBgn0040384
2842,FBgn0040393
2843,FBgn0040491
2844,FBgn0040493
2845,FBgn0040496
2846,FBgn0040503
2847,FBgn0040510
2848,FBgn0040514
2849,FBgn0040519
2850,FBgn0040524
2851,FBgn0040531
2852,FBgn0040532
2853,FBgn0040534
2854,FBgn0040554
2855,FBgn0040565
2856,FBgn0040575
2857,FBgn0040601
2858,FBgn0040606
2859,FBgn0040634
2860,FBgn0040649
2861,FBgn0040650
2862,FBgn0040653
2863,FBgn0040674
2864,FBgn0040717
2865,FBgn0040718
2866,FBgn0040723
2867,FBgn0040729
2868,FBgn0040733
2869,FBgn0040734
2870,FBgn0040747
2871,FBgn0040751
2872,FBgn0040765
2873,FBgn0040778
2874,FBgn0040780
2875,FBgn0040793
2876,FBgn0040799
2877,FBgn0040805
2878,FBgn0040814
2879,FBgn0040827
2880,FBgn0040828
2881,FBgn0040832
2882,FBgn0040837
2883,FBgn0040850
2884,FBgn0040859
2885,FBgn0040877
2886,FBgn0040900
2887,FBgn0040907
2888,FBgn0040918
2889,FBgn0040931
2890,FBgn0040941
2891,FBgn0040959
2892,FBgn0040963
2893,FBgn0040964
2894,FBgn0040985
2895,FBgn0040996
2896,FBgn0041004
2897,FBgn0041092
2898,FBgn0041097
2899,FBgn0041156
2900,FBgn0041174
2901,FBgn0041182
2902,FBgn0041184
2903,FBgn0041188
2904,FBgn0041191
2905,FBgn0041234
2906,FBgn0041243
2907,FBgn0041246
2908,FBgn0041336
2909,FBgn0041621
2910,FBgn0041712
2911,FBgn0041721
2912,FBgn0041780
2913,FBgn0042083
2914,FBgn0042106
2915,FBgn0042110
2916,FBgn0042111
2917,FBgn0042119
2918,FBgn0042126
2919,FBgn0042132
2920,FBgn0042133
2921,FBgn0042135
2922,FBgn0042179
2923,FBgn0042207
2924,FBgn0042627
2925,FBgn0043025
2926,FBgn0043043
2927,FBgn0043069
2928,FBgn0043455
2929,FBgn0043456
2930,FBgn0043471
2931,FBgn0043530
2932,FBgn0043532
2933,FBgn0043575
2934,FBgn0043576
2935,FBgn0043577
2936,FBgn0043796
2937,FBgn0043806
2938,FBgn0043853
2939,FBgn0043903
2940,FBgn0044011
2941,FBgn0044030
2942,FBgn0044047
2943,FBgn0044050
2944,FBgn0044510
2945,FBgn0044511
2946,FBgn0044823
2947,FBgn0044826
2948,FBgn0044872
2949,FBgn0045035
2950,FBgn0045064
2951,FBgn0045474
2952,FBgn0045479
2953,FBgn0045800
2954,FBgn0045823
2955,FBgn0045843
2956,FBgn0045862
2957,FBgn0045866
2958,FBgn0045980
2959,FBgn0046114
2960,FBgn0046296
2961,FBgn0046692
2962,FBgn0046696
2963,FBgn0046698
2964,FBgn0046706
2965,FBgn0046756
2966,FBgn0046763
2967,FBgn0046793
2968,FBgn0046876
2969,FBgn0046999
2970,FBgn0047000
2971,FBgn0047114
2972,FBgn0047205
2973,FBgn0050000
2974,FBgn0050001
2975,FBgn0050008
2976,FBgn0050010
2977,FBgn0050016
2978,FBgn0050025
2979,FBgn0050026
2980,FBgn0050029
2981,FBgn0050031
2982,FBgn0050033
2983,FBgn0050035
2984,FBgn0050037
2985,FBgn0050042
2986,FBgn0050047
2987,FBgn0050048
2988,FBgn0050054
2989,FBgn0050056
2990,FBgn0050075
2991,FBgn0050076
2992,FBgn0050081
2993,FBgn0050089
2994,FBgn0050099
2995,FBgn0050101
2996,FBgn0050103
2997,FBgn0050104
2998,FBgn0050108
2999,FBgn0050109
3000,FBgn0050157
3001,FBgn0050159
3002,FBgn0050161
3003,FBgn0050181
3004,FBgn0050184
3005,FBgn0050187
3006,FBgn0050192
3007,FBgn0050259
3008,FBgn0050267
3009,FBgn0050272
3010,FBgn0050274
3011,FBgn0050277
3012,FBgn0050281
3013,FBgn0050285
3014,FBgn0050286
3015,FBgn0050323
3016,FBgn0050324
3017,FBgn0050334
3018,FBgn0050340
3019,FBgn0050342
3020,FBgn0050343
3021,FBgn0050350
3022,FBgn0050354
3023,FBgn0050355
3024,FBgn0050357
3025,FBgn0050360
3026,FBgn0050371
3027,FBgn0050385
3028,FBgn0050389
3029,FBgn0050398
3030,FBgn0050419
3031,FBgn0050447
3032,FBgn0050466
3033,FBgn0050485
3034,FBgn0050486
3035,FBgn0050488
3036,FBgn0050491
3037,FBgn0050493
3038,FBgn0050496
3039,FBgn0050499
3040,FBgn0051016
3041,FBgn0051019
3042,FBgn0051029
3043,FBgn0051041
3044,FBgn0051065
3045,FBgn0051072
3046,FBgn0051076
3047,FBgn0051089
3048,FBgn0051091
3049,FBgn0051092
3050,FBgn0051099
3051,FBgn0051104
3052,FBgn0051106
3053,FBgn0051108
3054,FBgn0051115
3055,FBgn0051118
3056,FBgn0051122
3057,FBgn0051144
3058,FBgn0051145
3059,FBgn0051146
3060,FBgn0051155
3061,FBgn0051157
3062,FBgn0051158
3063,FBgn0051174
3064,FBgn0051189
3065,FBgn0051195
3066,FBgn0051200
3067,FBgn0051202
3068,FBgn0051224
3069,FBgn0051226
3070,FBgn0051262
3071,FBgn0051269
3072,FBgn0051272
3073,FBgn0051279
3074,FBgn0051286
3075,FBgn0051287
3076,FBgn0051345
3077,FBgn0051347
3078,FBgn0051363
3079,FBgn0051373
3080,FBgn0051374
3081,FBgn0051388
3082,FBgn0051445
3083,FBgn0051446
3084,FBgn0051450
3085,FBgn0051454
3086,FBgn0051459
3087,FBgn0051460
3088,FBgn0051464
3089,FBgn0051467
3090,FBgn0051472
3091,FBgn0051473
3092,FBgn0051493
3093,FBgn0051495
3094,FBgn0051496
3095,FBgn0051514
3096,FBgn0051516
3097,FBgn0051523
3098,FBgn0051526
3099,FBgn0051533
3100,FBgn0051546
3101,FBgn0051549
3102,FBgn0051550
3103,FBgn0051606
3104,FBgn0051627
3105,FBgn0051633
3106,FBgn0051673
3107,FBgn0051674
3108,FBgn0051676
3109,FBgn0051682
3110,FBgn0051683
3111,FBgn0051698
3112,FBgn0051704
3113,FBgn0051710
3114,FBgn0051719
3115,FBgn0051730
3116,FBgn0051735
3117,FBgn0051740
3118,FBgn0051742
3119,FBgn0051759
3120,FBgn0051774
3121,FBgn0051777
3122,FBgn0051779
3123,FBgn0051781
3124,FBgn0051785
3125,FBgn0051789
3126,FBgn0051793
3127,FBgn0051809
3128,FBgn0051810
3129,FBgn0051812
3130,FBgn0051815
3131,FBgn0051821
3132,FBgn0051823
3133,FBgn0051845
3134,FBgn0051848
3135,FBgn0051861
3136,FBgn0051864
3137,FBgn0051865
3138,FBgn0051867
3139,FBgn0051869
3140,FBgn0051874
3141,FBgn0051875
3142,FBgn0051876
3143,FBgn0051901
3144,FBgn0051912
3145,FBgn0051924
3146,FBgn0051928
3147,FBgn0051954
3148,FBgn0051957
3149,FBgn0051974
3150,FBgn0052000
3151,FBgn0052023
3152,FBgn0052024
3153,FBgn0052029
3154,FBgn0052040
3155,FBgn0052054
3156,FBgn0052055
3157,FBgn0052056
3158,FBgn0052062
3159,FBgn0052069
3160,FBgn0052072
3161,FBgn0052076
3162,FBgn0052088
3163,FBgn0052100
3164,FBgn0052104
3165,FBgn0052105
3166,FBgn0052109
3167,FBgn0052113
3168,FBgn0052176
3169,FBgn0052190
3170,FBgn0052192
3171,FBgn0052195
3172,FBgn0052198
3173,FBgn0052202
3174,FBgn0052204
3175,FBgn0052205
3176,FBgn0052212
3177,FBgn0052221
3178,FBgn0052224
3179,FBgn0052230
3180,FBgn0052241
3181,FBgn0052249
3182,FBgn0052250
3183,FBgn0052252
3184,FBgn0052255
3185,FBgn0052259
3186,FBgn0052262
3187,FBgn0052263
3188,FBgn0052264
3189,FBgn0052266
3190,FBgn0052271
3191,FBgn0052277
3192,FBgn0052279
3193,FBgn0052280
3194,FBgn0052302
3195,FBgn0052313
3196,FBgn0052320
3197,FBgn0052350
3198,FBgn0052354
3199,FBgn0052368
3200,FBgn0052380
3201,FBgn0052391
3202,FBgn0052404
3203,FBgn0052405
3204,FBgn0052418
3205,FBgn0052423
3206,FBgn0052438
3207,FBgn0052442
3208,FBgn0052447
3209,FBgn0052448
3210,FBgn0052462
3211,FBgn0052484
3212,FBgn0052487
3213,FBgn0052529
3214,FBgn0052532
3215,FBgn0052576
3216,FBgn0052581
3217,FBgn0052582
3218,FBgn0052588
3219,FBgn0052590
3220,FBgn0052591
3221,FBgn0052600
3222,FBgn0052601
3223,FBgn0052636
3224,FBgn0052638
3225,FBgn0052639
3226,FBgn0052641
3227,FBgn0052643
3228,FBgn0052644
3229,FBgn0052647
3230,FBgn0052656
3231,FBgn0052666
3232,FBgn0052670
3233,FBgn0052671
3234,FBgn0052673
3235,FBgn0052677
3236,FBgn0052698
3237,FBgn0052699
3238,FBgn0052702
3239,FBgn0052706
3240,FBgn0052713
3241,FBgn0052720
3242,FBgn0052762
3243,FBgn0052774
3244,FBgn0052783
3245,FBgn0052791
3246,FBgn0052806
3247,FBgn0052808
3248,FBgn0052811
3249,FBgn0052813
3250,FBgn0052815
3251,FBgn0052817
3252,FBgn0052829
3253,FBgn0052832
3254,FBgn0052850
3255,FBgn0052856
3256,FBgn0052865
3257,FBgn0052982
3258,FBgn0052983
3259,FBgn0052984
3260,FBgn0052985
3261,FBgn0053002
3262,FBgn0053013
3263,FBgn0053051
3264,FBgn0053052
3265,FBgn0053054
3266,FBgn0053056
3267,FBgn0053061
3268,FBgn0053062
3269,FBgn0053080
3270,FBgn0053092
3271,FBgn0053100
3272,FBgn0053107
3273,FBgn0053113
3274,FBgn0053116
3275,FBgn0053125
3276,FBgn0053127
3277,FBgn0053128
3278,FBgn0053129
3279,FBgn0053155
3280,FBgn0053158
3281,FBgn0053172
3282,FBgn0053177
3283,FBgn0053178
3284,FBgn0053180
3285,FBgn0053181
3286,FBgn0053189
3287,FBgn0053192
3288,FBgn0053198
3289,FBgn0053207
3290,FBgn0053208
3291,FBgn0053218
3292,FBgn0053222
3293,FBgn0053233
3294,FBgn0053252
3295,FBgn0053265
3296,FBgn0053281
3297,FBgn0053294
3298,FBgn0053296
3299,FBgn0053299
3300,FBgn0053300
3301,FBgn0053302
3302,FBgn0053333
3303,FBgn0053346
3304,FBgn0053349
3305,FBgn0053481
3306,FBgn0053493
3307,FBgn0053511
3308,FBgn0053516
3309,FBgn0053519
3310,FBgn0053523
3311,FBgn0053533
3312,FBgn0053554
3313,FBgn0053558
3314,FBgn0053635
3315,FBgn0053639
3316,FBgn0053664
3317,FBgn0053667
3318,FBgn0053668
3319,FBgn0053673
3320,FBgn0053679
3321,FBgn0053774
3322,FBgn0053966
3323,FBgn0053969
3324,FBgn0053970
3325,FBgn0053971
3326,FBgn0053983
3327,FBgn0053998
3328,FBgn0054005
3329,FBgn0054008
3330,FBgn0054010
3331,FBgn0054015
3332,FBgn0054039
3333,FBgn0054040
3334,FBgn0054043
3335,FBgn0054054
3336,FBgn0058002
3337,FBgn0058005
3338,FBgn0058006
3339,FBgn0058045
3340,FBgn0058178
3341,FBgn0058191
3342,FBgn0058198
3343,FBgn0058263
3344,FBgn0058439
3345,FBgn0061196
3346,FBgn0061476
3347,FBgn0061515
3348,FBgn0062928
3349,FBgn0062961
3350,FBgn0063127
3351,FBgn0063298
3352,FBgn0063368
3353,FBgn0063491
3354,FBgn0063492
3355,FBgn0063495
3356,FBgn0063496
3357,FBgn0063499
3358,FBgn0063670
3359,FBgn0064237
3360,FBgn0065047
3361,FBgn0065048
3362,FBgn0065058
3363,FBgn0065064
3364,FBgn0065070
3365,FBgn0065076
3366,FBgn0065098
3367,FBgn0065099
3368,FBgn0066293
3369,FBgn0066365
3370,FBgn0067102
3371,FBgn0067628
3372,FBgn0067783
3373,FBgn0069242
3374,FBgn0082582
3375,FBgn0082922
3376,FBgn0082957
3377,FBgn0082963
3378,FBgn0082971
3379,FBgn0082980
3380,FBgn0082986
3381,FBgn0082987
3382,FBgn0083001
3383,FBgn0083003
3384,FBgn0083013
3385,FBgn0083015
3386,FBgn0083027
3387,FBgn0083047
3388,FBgn0083048
3389,FBgn0083050
3390,FBgn0083057
3391,FBgn0083058
3392,FBgn0083068
3393,FBgn0083123
3394,FBgn0083124
3395,FBgn0083167
3396,FBgn0083936
3397,FBgn0083951
3398,FBgn0083953
3399,FBgn0083956
3400,FBgn0083961
3401,FBgn0083968
3402,FBgn0083972
3403,FBgn0083974
3404,FBgn0083977
3405,FBgn0083978
3406,FBgn0083981
3407,FBgn0083984
3408,FBgn0083986
3409,FBgn0083987
3410,FBgn0083990
3411,FBgn0084008
3412,FBgn0085195
3413,FBgn0085197
3414,FBgn0085199
3415,FBgn0085200
3416,FBgn0085203
3417,FBgn0085205
3418,FBgn0085209
3419,FBgn0085212
3420,FBgn0085217
3421,FBgn0085222
3422,FBgn0085229
3423,FBgn0085232
3424,FBgn0085234
3425,FBgn0085235
3426,FBgn0085236
3427,FBgn0085237
3428,FBgn0085240
3429,FBgn0085241
3430,FBgn0085244
3431,FBgn0085248
3432,FBgn0085249
3433,FBgn0085250
3434,FBgn0085256
3435,FBgn0085259
3436,FBgn0085260
3437,FBgn0085261
3438,FBgn0085263
3439,FBgn0085273
3440,FBgn0085276
3441,FBgn0085280
3442,FBgn0085284
3443,FBgn0085285
3444,FBgn0085287
3445,FBgn0085290
3446,FBgn0085292
3447,FBgn0085294
3448,FBgn0085302
3449,FBgn0085309
3450,FBgn0085311
3451,FBgn0085316
3452,FBgn0085325
3453,FBgn0085329
3454,FBgn0085357
3455,FBgn0085376
3456,FBgn0085383
3457,FBgn0085387
3458,FBgn0085391
3459,FBgn0085404
3460,FBgn0085407
3461,FBgn0085408
3462,FBgn0085409
3463,FBgn0085411
3464,FBgn0085412
3465,FBgn0085415
3466,FBgn0085427
3467,FBgn0085438
3468,FBgn0085442
3469,FBgn0085446
3470,FBgn0085450
3471,FBgn0085451
3472,FBgn0085452
3473,FBgn0085459
3474,FBgn0085466
3475,FBgn0085468
3476,FBgn0085475
3477,FBgn0085478
3478,FBgn0085484
3479,FBgn0085486
3480,FBgn0085491
3481,FBgn0085734
3482,FBgn0085736
3483,FBgn0085753
3484,FBgn0085771
3485,FBgn0085813
3486,FBgn0085819
3487,FBgn0086027
3488,FBgn0086034
3489,FBgn0086061
3490,FBgn0086347
3491,FBgn0086348
3492,FBgn0086361
3493,FBgn0086367
3494,FBgn0086371
3495,FBgn0086372
3496,FBgn0086378
3497,FBgn0086384
3498,FBgn0086442
3499,FBgn0086446
3500,FBgn0086450
3501,FBgn0086451
3502,FBgn0086472
3503,FBgn0086603
3504,FBgn0086656
3505,FBgn0086659
3506,FBgn0086661
3507,FBgn0086665
3508,FBgn0086666
3509,FBgn0086667
3510,FBgn0086670
3511,FBgn0086671
3512,FBgn0086672
3513,FBgn0086673
3514,FBgn0086674
3515,FBgn0086675
3516,FBgn0086677
3517,FBgn0086679
3518,FBgn0086687
3519,FBgn0086693
3520,FBgn0086708
3521,FBgn0086711
3522,FBgn0086712
3523,FBgn0086782
3524,FBgn0086856
3525,FBgn0086898
3526,FBgn0087007
3527,FBgn0087013
3528,FBgn0087035
3529,FBgn0243511
3530,FBgn0243512
3531,FBgn0243513
3532,FBgn0243516
3533,FBgn0250754
3534,FBgn0250755
3535,FBgn0250815
3536,FBgn0250816
3537,FBgn0250819
3538,FBgn0250820
3539,FBgn0250824
3540,FBgn0250825
3541,FBgn0250833
3542,FBgn0250834
3543,FBgn0250862
3544,FBgn0250867
3545,FBgn0250906
3546,FBgn0250907
3547,FBgn0259101
3548,FBgn0259110
3549,FBgn0259112
3550,FBgn0259140
3551,FBgn0259143
3552,FBgn0259145
3553,FBgn0259150
3554,FBgn0259164
3555,FBgn0259167
3556,FBgn0259173
3557,FBgn0259183
3558,FBgn0259193
3559,FBgn0259216
3560,FBgn0259221
3561,FBgn0259223
3562,FBgn0259227
3563,FBgn0259233
3564,FBgn0259241
3565,FBgn0259242
3566,FBgn0259244
3567,FBgn0259481
3568,FBgn0259482
3569,FBgn0259712
3570,FBgn0259713
3571,FBgn0259716
3572,FBgn0259722
3573,FBgn0259737
3574,FBgn0259739
3575,FBgn0259742
3576,FBgn0259818
3577,FBgn0259831
3578,FBgn0259834
3579,FBgn0259923
3580,FBgn0259926
3581,FBgn0259950
3582,FBgn0259953
3583,FBgn0259956
3584,FBgn0259957
3585,FBgn0259962
3586,FBgn0259963
3587,FBgn0259968
3588,FBgn0259970
3589,FBgn0259974
3590,FBgn0259979
3591,FBgn0259985
3592,FBgn0259986
3593,FBgn0259993
3594,FBgn0259994
3595,FBgn0259998
3596,FBgn0260005
3597,FBgn0260006
3598,FBgn0260008
3599,FBgn0260026
3600,FBgn0260027
3601,FBgn0260226
3602,FBgn0260386
3603,FBgn0260388
3604,FBgn0260393
3605,FBgn0260429
3606,FBgn0260430
3607,FBgn0260431
3608,FBgn0260436
3609,FBgn0260440
3610,FBgn0260458
3611,FBgn0260469
3612,FBgn0260477
3613,FBgn0260481
3614,FBgn0260484
3615,FBgn0260644
3616,FBgn0260645
3617,FBgn0260648
3618,FBgn0260653
3619,FBgn0260655
3620,FBgn0260657
3621,FBgn0260720
3622,FBgn0260722
3623,FBgn0260747
3624,FBgn0260748
3625,FBgn0260750
3626,FBgn0260756
3627,FBgn0260758
3628,FBgn0260764
3629,FBgn0260768
3630,FBgn0260779
3631,FBgn0260817
3632,FBgn0260855
3633,FBgn0260857
3634,FBgn0260858
3635,FBgn0260874
3636,FBgn0260932
3637,FBgn0260933
3638,FBgn0260934
3639,FBgn0260936
3640,FBgn0260942
3641,FBgn0260943
3642,FBgn0260954
3643,FBgn0260955
3644,FBgn0260969
3645,FBgn0260972
3646,FBgn0260987
3647,FBgn0260997
3648,FBgn0261060
3649,FBgn0261061
3650,FBgn0261068
3651,FBgn0261109
3652,FBgn0261111
3653,FBgn0261113
3654,FBgn0261238
3655,FBgn0261239
3656,FBgn0261245
3657,FBgn0261258
3658,FBgn0261274
3659,FBgn0261287
3660,FBgn0261373
3661,FBgn0261386
3662,FBgn0261387
3663,FBgn0261395
3664,FBgn0261396
3665,FBgn0261403
3666,FBgn0261436
3667,FBgn0261444
3668,FBgn0261504
3669,FBgn0261508
3670,FBgn0261522
3671,FBgn0261532
3672,FBgn0261534
3673,FBgn0261575
3674,FBgn0261582
3675,FBgn0261583
3676,FBgn0261584
3677,FBgn0261588
3678,FBgn0261597
3679,FBgn0261609
3680,FBgn0261618
3681,FBgn0261624
3682,FBgn0261625
3683,FBgn0261628
3684,FBgn0261630
3685,FBgn0261631
3686,FBgn0261634
3687,FBgn0261641
3688,FBgn0261649
3689,FBgn0261674
3690,FBgn0261681
3691,FBgn0261682
3692,FBgn0261703
3693,FBgn0261705
3694,FBgn0261706
3695,FBgn0261710
3696,FBgn0261794
3697,FBgn0261797
3698,FBgn0261799
3699,FBgn0261805
3700,FBgn0261806
3701,FBgn0261817
3702,FBgn0261822
3703,FBgn0261833
3704,FBgn0261834
3705,FBgn0261846
3706,FBgn0261853
3707,FBgn0261854
3708,FBgn0261859
3709,FBgn0261860
3710,FBgn0261872
3711,FBgn0261873
3712,FBgn0261885
3713,FBgn0261930
3714,FBgn0261953
3715,FBgn0261955
3716,FBgn0261986
3717,FBgn0262003
3718,FBgn0262004
3719,FBgn0262005
3720,FBgn0262007
3721,FBgn0262022
3722,FBgn0262023
3723,FBgn0262029
3724,FBgn0262031
3725,FBgn0262036
3726,FBgn0262098
3727,FBgn0262099
3728,FBgn0262101
3729,FBgn0262102
3730,FBgn0262104
3731,FBgn0262106
3732,FBgn0262111
3733,FBgn0262112
3734,FBgn0262114
3735,FBgn0262115
3736,FBgn0262116
3737,FBgn0262117
3738,FBgn0262123
3739,FBgn0262124
3740,FBgn0262140
3741,FBgn0262142
3742,FBgn0262144
3743,FBgn0262170
3744,FBgn0262203
3745,FBgn0262351
3746,FBgn0262352
3747,FBgn0262355
3748,FBgn0262357
3749,FBgn0262363
3750,FBgn0262366
3751,FBgn0262481
3752,FBgn0262482
3753,FBgn0262514
3754,FBgn0262517
3755,FBgn0262529
3756,FBgn0262534
3757,FBgn0262535
3758,FBgn0262546
3759,FBgn0262547
3760,FBgn0262570
3761,FBgn0262574
3762,FBgn0262580
3763,FBgn0262592
3764,FBgn0262593
3765,FBgn0262598
3766,FBgn0262612
3767,FBgn0262620
3768,FBgn0262621
3769,FBgn0262624
3770,FBgn0262636
3771,FBgn0262647
3772,FBgn0262686
3773,FBgn0262690
3774,FBgn0262717
3775,FBgn0262731
3776,FBgn0262732
3777,FBgn0262734
3778,FBgn0262736
3779,FBgn0262737
3780,FBgn0262788
3781,FBgn0262789
3782,FBgn0262819
3783,FBgn0262820
3784,FBgn0262821
3785,FBgn0262840
3786,FBgn0262877
3787,FBgn0262879
3788,FBgn0262882
3789,FBgn0262886
3790,FBgn0262887
3791,FBgn0262888
3792,FBgn0262891
3793,FBgn0262892
3794,FBgn0262897
3795,FBgn0262904
3796,FBgn0262945
3797,FBgn0262952
3798,FBgn0262966
3799,FBgn0262968
3800,FBgn0262970
3801,FBgn0262972
3802,FBgn0262974
3803,FBgn0263018
3804,FBgn0263023
3805,FBgn0263026
3806,FBgn0263037
3807,FBgn0263072
3808,FBgn0263080
3809,FBgn0263081
3810,FBgn0263088
3811,FBgn0263093
3812,FBgn0263109
3813,FBgn0263110
3814,FBgn0263111
3815,FBgn0263112
3816,FBgn0263113
3817,FBgn0263117
3818,FBgn0263120
3819,FBgn0263132
3820,FBgn0263143
3821,FBgn0263198
3822,FBgn0263199
3823,FBgn0263219
3824,FBgn0263234
3825,FBgn0263239
3826,FBgn0263332
3827,FBgn0263336
3828,FBgn0263344
3829,FBgn0263345
3830,FBgn0263376
3831,FBgn0263377
3832,FBgn0263378
3833,FBgn0263381
3834,FBgn0263390
3835,FBgn0263392
3836,FBgn0263395
3837,FBgn0263396
3838,FBgn0263397
3839,FBgn0263398
3840,FBgn0263405
3841,FBgn0263407
3842,FBgn0263408
3843,FBgn0263413
3844,FBgn0263414
3845,FBgn0263441
3846,FBgn0263442
3847,FBgn0263443
3848,FBgn0263445
3849,FBgn0263447
3850,FBgn0263449
3851,FBgn0263451
3852,FBgn0263462
3853,FBgn0263468
3854,FBgn0263470
3855,FBgn0263488
3856,FBgn0263492
3857,FBgn0263494
3858,FBgn0263502
3859,FBgn0263511
3860,FBgn0263517
3861,FBgn0263528
3862,FBgn0263542
3863,FBgn0263546
3864,FBgn0263562
3865,FBgn0263582
3866,FBgn0263583
3867,FBgn0263587
3868,FBgn0263589
3869,FBgn0263590
3870,FBgn0263606
3871,FBgn0263607
3872,FBgn0263617
3873,FBgn0263619
3874,FBgn0263624
3875,FBgn0263627
3876,FBgn0263628
3877,FBgn0263649
3878,FBgn0263659
3879,FBgn0263660
3880,FBgn0263662
3881,FBgn0263697
3882,FBgn0263750
3883,FBgn0263762
3884,FBgn0263763
3885,FBgn0263766
3886,FBgn0263773
3887,FBgn0263776
3888,FBgn0263780
3889,FBgn0263782
3890,FBgn0263841
3891,FBgn0263847
3892,FBgn0263868
3893,FBgn0263870
3894,FBgn0263872
3895,FBgn0263911
3896,FBgn0263916
3897,FBgn0263934
3898,FBgn0263968
3899,FBgn0263981
3900,FBgn0263993
3901,FBgn0263994
3902,FBgn0263995
3903,FBgn0263999
3904,FBgn0264001
3905,FBgn0264005
3906,FBgn0264006
3907,FBgn0264075
3908,FBgn0264084
3909,FBgn0264087
3910,FBgn0264089
3911,FBgn0264090
3912,FBgn0264267
3913,FBgn0264270
3914,FBgn0264271
3915,FBgn0264273
3916,FBgn0264291
3917,FBgn0264295
3918,FBgn0264296
3919,FBgn0264327
3920,FBgn0264328
3921,FBgn0264344
3922,FBgn0264350
3923,FBgn0264353
3924,FBgn0264360
3925,FBgn0264368
3926,FBgn0264372
3927,FBgn0264391
3928,FBgn0264443
3929,FBgn0264446
3930,FBgn0264448
3931,FBgn0264460
3932,FBgn0264462
3933,FBgn0264464
3934,FBgn0264467
3935,FBgn0264468
3936,FBgn0264469
3937,FBgn0264470
3938,FBgn0264477
3939,FBgn0264480
3940,FBgn0264481
3941,FBgn0264488
3942,FBgn0264491
3943,FBgn0264493
3944,FBgn0264494
3945,FBgn0264496
3946,FBgn0264501
3947,FBgn0264502
3948,FBgn0264504
3949,FBgn0264507
3950,FBgn0264509
3951,FBgn0264511
3952,FBgn0264514
3953,FBgn0264517
3954,FBgn0264542
3955,FBgn0264546
3956,FBgn0264554
3957,FBgn0264556
3958,FBgn0264560
3959,FBgn0264562
3960,FBgn0264564
3961,FBgn0264566
3962,FBgn0264570
3963,FBgn0264572
3964,FBgn0264574
3965,FBgn0264599
3966,FBgn0264602
3967,FBgn0264603
3968,FBgn0264607
3969,FBgn0264618
3970,FBgn0264679
3971,FBgn0264696
3972,FBgn0264699
3973,FBgn0264704
3974,FBgn0264705
3975,FBgn0264706
3976,FBgn0264710
3977,FBgn0264713
3978,FBgn0264721
3979,FBgn0264745
3980,FBgn0264775
3981,FBgn0264789
3982,FBgn0264790
3983,FBgn0264791
3984,FBgn0264819
3985,FBgn0264821
3986,FBgn0264822
3987,FBgn0264823
3988,FBgn0264837
3989,FBgn0264838
3990,FBgn0264839
3991,FBgn0264841
3992,FBgn0264844
3993,FBgn0264862
3994,FBgn0264863
3995,FBgn0264868
3996,FBgn0264869
3997,FBgn0264870
3998,FBgn0264871
3999,FBgn0264873
4000,FBgn0264874
4001,FBgn0264876
4002,FBgn0264878
4003,FBgn0264884
4004,FBgn0264892
4005,FBgn0264902
4006,FBgn0264904
4007,FBgn0264915
4008,FBgn0264916
4009,FBgn0264922
4010,FBgn0264939
4011,FBgn0264945
4012,FBgn0264946
4013,FBgn0264947
4014,FBgn0264950
4015,FBgn0264983
4016,FBgn0264986
4017,FBgn0264987
4018,FBgn0264993
4019,FBgn0264996
4020,FBgn0264997
4021,FBgn0264998
4022,FBgn0265001
4023,FBgn0265011
4024,FBgn0265038
4025,FBgn0265043
4026,FBgn0265044
4027,FBgn0265046
4028,FBgn0265047
4029,FBgn0265050
4030,FBgn0265052
4031,FBgn0265053
4032,FBgn0265058
4033,FBgn0265068
4034,FBgn0265070
4035,FBgn0265071
4036,FBgn0265081
4037,FBgn0265084
4038,FBgn0265087
4039,FBgn0265096
4040,FBgn0265102
4041,FBgn0265103
4042,FBgn0265104
4043,FBgn0265152
4044,FBgn0265153
4045,FBgn0265155
4046,FBgn0265158
4047,FBgn0265159
4048,FBgn0265161
4049,FBgn0265166
4050,FBgn0265169
4051,FBgn0265174
4052,FBgn0265187
4053,FBgn0265205
4054,FBgn0265252
4055,FBgn0265253
4056,FBgn0265265
4057,FBgn0265268
4058,FBgn0265276
4059,FBgn0265295
4060,FBgn0265296
4061,FBgn0265302
4062,FBgn0265303
4063,FBgn0265308
4064,FBgn0265310
4065,FBgn0265313
4066,FBgn0265316
4067,FBgn0265342
4068,FBgn0265345
4069,FBgn0265362
4070,FBgn0265363
4071,FBgn0265368
4072,FBgn0265380
4073,FBgn0265419
4074,FBgn0265428
4075,FBgn0265434
4076,FBgn0265451
4077,FBgn0265457
4078,FBgn0265470
4079,FBgn0265498
4080,FBgn0265499
4081,FBgn0265500
4082,FBgn0265511
4083,FBgn0265524
4084,FBgn0265525
4085,FBgn0265536
4086,FBgn0265538
4087,FBgn0265539
4088,FBgn0265546
4089,FBgn0265576
4090,FBgn0265578
4091,FBgn0265587
4092,FBgn0265589
4093,FBgn0265613
4094,FBgn0265631
4095,FBgn0265644
4096,FBgn0265670
4097,FBgn0265672
4098,FBgn0265673
4099,FBgn0265691
4100,FBgn0265694
4101,FBgn0265702
4102,FBgn0265801
4103,FBgn0265804
4104,FBgn0265810
4105,FBgn0265811
4106,FBgn0265812
4107,FBgn0265830
4108,FBgn0265835
4109,FBgn0265836
4110,FBgn0265842
4111,FBgn0265851
4112,FBgn0265852
4113,FBgn0265854
4114,FBgn0265855
4115,FBgn0265856
4116,FBgn0265862
4117,FBgn0265864
4118,FBgn0265885
4119,FBgn0265894
4120,FBgn0265901
4121,FBgn0265914
4122,FBgn0265915
4123,FBgn0265937
4124,FBgn0265945
4125,FBgn0265982
4126,FBgn0265988
4127,FBgn0265998
4128,FBgn0266000
4129,FBgn0266011
4130,FBgn0266019
4131,FBgn0266028
4132,FBgn0266041
4133,FBgn0266042
4134,FBgn0266051
4135,FBgn0266064
4136,FBgn0266069
4137,FBgn0266098
4138,FBgn0266101
4139,FBgn0266111
4140,FBgn0266115
4141,FBgn0266117
4142,FBgn0266129
4143,FBgn0266141
4144,FBgn0266144
4145,FBgn0266145
4146,FBgn0266159
4147,FBgn0266160
4148,FBgn0266167
4149,FBgn0266196
4150,FBgn0266199
4151,FBgn0266201
4152,FBgn0266202
4153,FBgn0266205
4154,FBgn0266208
4155,FBgn0266212
4156,FBgn0266214
4157,FBgn0266215
4158,FBgn0266216
4159,FBgn0266223
4160,FBgn0266260
4161,FBgn0266261
4162,FBgn0266263
4163,FBgn0266264
4164,FBgn0266275
4165,FBgn0266276
4166,FBgn0266277
4167,FBgn0266303
4168,FBgn0266304
4169,FBgn0266307
4170,FBgn0266310
4171,FBgn0266311
4172,FBgn0266316
4173,FBgn0266317
4174,FBgn0266319
4175,FBgn0266320
4176,FBgn0266321
4177,FBgn0266324
4178,FBgn0266325
4179,FBgn0266326
4180,FBgn0266327
4181,FBgn0266328
4182,FBgn0266330
4183,FBgn0266331
4184,FBgn0266349
4185,FBgn0266351
4186,FBgn0266352
4187,FBgn0266359
4188,FBgn0266360
4189,FBgn0266365
4190,FBgn0266371
4191,FBgn0266372
4192,FBgn0266376
4193,FBgn0266382
4194,FBgn0266384
4195,FBgn0266388
4196,FBgn0266390
4197,FBgn0266401
4198,FBgn0266403
4199,FBgn0266404
4200,FBgn0266406
4201,FBgn0266408
4202,FBgn0266409
4203,FBgn0266413
4204,FBgn0266414
4205,FBgn0266421
4206,FBgn0266428
4207,FBgn0266429
4208,FBgn0266432
4209,FBgn0266441
4210,FBgn0266446
4211,FBgn0266452
4212,FBgn0266455
4213,FBgn0266456
4214,FBgn0266457
4215,FBgn0266565
4216,FBgn0266577
4217,FBgn0266580
4218,FBgn0266582
4219,FBgn0266596
4220,FBgn0266598
4221,FBgn0266599
4222,FBgn0266617
4223,FBgn0266619
4224,FBgn0266621
4225,FBgn0266622
4226,FBgn0266623
4227,FBgn0266624
4228,FBgn0266625
4229,FBgn0266626
4230,FBgn0266628
4231,FBgn0266630
4232,FBgn0266633
4233,FBgn0266634
4234,FBgn0266635
4235,FBgn0266637
4236,FBgn0266638
4237,FBgn0266639
4238,FBgn0266642
4239,FBgn0266644
4240,FBgn0266645
4241,FBgn0266653
4242,FBgn0266654
4243,FBgn0266655
4244,FBgn0266656
4245,FBgn0266657
4246,FBgn0266666
4247,FBgn0266667
4248,FBgn0266670
4249,FBgn0266672
4250,FBgn0266681
4251,FBgn0266682
4252,FBgn0266685
4253,FBgn0266686
4254,FBgn0266692
4255,FBgn0266698
4256,FBgn0266700
4257,FBgn0266701
4258,FBgn0266702
4259,FBgn0266703
4260,FBgn0266705
4261,FBgn0266711
4262,FBgn0266717
4263,FBgn0266720
4264,FBgn0266729
4265,FBgn0266730
4266,FBgn0266732
4267,FBgn0266735
4268,FBgn0266736
4269,FBgn0266737
4270,FBgn0266741
4271,FBgn0266744
4272,FBgn0266745
4273,FBgn0266757
4274,FBgn0266763
4275,FBgn0266766
4276,FBgn0266791
4277,FBgn0266795
4278,FBgn0266802
4279,FBgn0266805
4280,FBgn0266806
4281,FBgn0266807
4282,FBgn0266809
4283,FBgn0266810
4284,FBgn0266813
4285,FBgn0266818
4286,FBgn0266819
4287,FBgn0266839
4288,FBgn0266843
4289,FBgn0266849
4290,FBgn0266863
4291,FBgn0266865
4292,FBgn0266866
4293,FBgn0266869
4294,FBgn0266873
4295,FBgn0266880
4296,FBgn0266882
4297,FBgn0266889
4298,FBgn0266901
4299,FBgn0266906
4300,FBgn0266907
4301,FBgn0266925
4302,FBgn0266933
4303,FBgn0266934
4304,FBgn0266945
4305,FBgn0266987
4306,FBgn0266994
4307,FBgn0266995
4308,FBgn0267023
4309,FBgn0267024
4310,FBgn0267025
4311,FBgn0267029
4312,FBgn0267033
4313,FBgn0267035
4314,FBgn0267036
4315,FBgn0267037
4316,FBgn0267041
4317,FBgn0267057
4318,FBgn0267076
4319,FBgn0267081
4320,FBgn0267084
4321,FBgn0267087
4322,FBgn0267091
4323,FBgn0267098
4324,FBgn0267106
4325,FBgn0267109
4326,FBgn0267126
4327,FBgn0267137
4328,FBgn0267145
4329,FBgn0267151
4330,FBgn0267160
4331,FBgn0267161
4332,FBgn0267164
4333,FBgn0267165
4334,FBgn0267171
4335,FBgn0267172
4336,FBgn0267180
4337,FBgn0267181
4338,FBgn0267189
4339,FBgn0267201
4340,FBgn0267208
4341,FBgn0267213
4342,FBgn0267228
4343,FBgn0267242
4344,FBgn0267243
4345,FBgn0267246
4346,FBgn0267252
4347,FBgn0267265
4348,FBgn0267276
4349,FBgn0267278
4350,FBgn0267279
4351,FBgn0267302
4352,FBgn0267318
4353,FBgn0267319
4354,FBgn0267322
4355,FBgn0267326
4356,FBgn0267330
4357,FBgn0267336
4358,FBgn0267337
4359,FBgn0267348
4360,FBgn0267350
4361,FBgn0267365
4362,FBgn0267408
4363,FBgn0267425
4364,FBgn0267429
4365,FBgn0267433
4366,FBgn0267439
4367,FBgn0267443
4368,FBgn0267447
4369,FBgn0267448
4370,FBgn0267450
4371,FBgn0267451
4372,FBgn0267452
4373,FBgn0267453
4374,FBgn0267454
4375,FBgn0267456
4376,FBgn0267457
4377,FBgn0267462
4378,FBgn0267464
4379,FBgn0267468
4380,FBgn0267473
4381,FBgn0267477
4382,FBgn0267480
4383,FBgn0267481
4384,FBgn0267482
4385,FBgn0267483
4386,FBgn0267484
4387,FBgn0267485
4388,FBgn0267487
4389,FBgn0267492
4390,FBgn0267495
4391,FBgn0267508
4392,FBgn0267511
4393,FBgn0267514
4394,FBgn0267515
4395,FBgn0267519
4396,FBgn0267520
4397,FBgn0267523
4398,FBgn0267525
4399,FBgn0267527
4400,FBgn0267529
4401,FBgn0267530
4402,FBgn0267531
4403,FBgn0267533
4404,FBgn0267534
4405,FBgn0267535
4406,FBgn0267540
4407,FBgn0267545
4408,FBgn0267552
4409,FBgn0267554
4410,FBgn0267555
4411,FBgn0267556
4412,FBgn0267567
4413,FBgn0267568
4414,FBgn0267570
4415,FBgn0267576
4416,FBgn0267586
4417,FBgn0267587
4418,FBgn0267588
4419,FBgn0267589
4420,FBgn0267590
4421,FBgn0267591
4422,FBgn0267600
4423,FBgn0267605
4424,FBgn0267606
4425,FBgn0267612
4426,FBgn0267613
4427,FBgn0267614
4428,FBgn0267617
4429,FBgn0267620
4430,FBgn0267622
4431,FBgn0267624
4432,FBgn0267630
4433,FBgn0267631
4434,FBgn0267632
4435,FBgn0267643
4436,FBgn0267656
4437,FBgn0267657
4438,FBgn0267661
4439,FBgn0267684
4440,FBgn0267685
4441,FBgn0267693
4442,FBgn0267697
4443,FBgn0267698
4444,FBgn0267709
4445,FBgn0267710
4446,FBgn0267711
4447,FBgn0267714
4448,FBgn0267715
4449,FBgn0267717
4450,FBgn0267722
4451,FBgn0267725
4452,FBgn0267728
4453,FBgn0267730
4454,FBgn0267733
4455,FBgn0267734
4456,FBgn0267735
4457,FBgn0267736
4458,FBgn0267737
4459,FBgn0267739
4460,FBgn0267740
4461,FBgn0267742
4462,FBgn0267743
4463,FBgn0267750
4464,FBgn0267751
4465,FBgn0267758
4466,FBgn0267760
4467,FBgn0267761
4468,FBgn0267762
4469,FBgn0267763
4470,FBgn0267765
4471,FBgn0267766
4472,FBgn0267768
4473,FBgn0267770
4474,FBgn0267773
4475,FBgn0267774
4476,FBgn0267778
4477,FBgn0267781
4478,FBgn0267794
4479,FBgn0267798
4480,FBgn0267803
4481,FBgn0267804
4482,FBgn0267808
4483,FBgn0267809
4484,FBgn0267810
4485,FBgn0267813
4486,FBgn0267815
4487,FBgn0267819
4488,FBgn0267820
4489,FBgn0267821
4490,FBgn0267861
4491,FBgn0267868
4492,FBgn0267910
4493,FBgn0267912
4494,FBgn0267913
4495,FBgn0267914
4496,FBgn0267959
4497,FBgn0267969
4498,FBgn0267975
4499,FBgn0267976
4500,FBgn0267983
4501,FBgn0267984
4502,FBgn0267988
4503,FBgn0267989
4504,FBgn0267990
4505,FBgn0267991
4506,FBgn0267992
4507,FBgn0267993
4508,FBgn0267995
4509,FBgn0267996
4510,FBgn0268063
4511,FBgn0270926
4512,FBgn0270927
4513,FBgn0278598
4514,FBgn0278599
4515,FBgn0283427
4516,FBgn0283428
4517,FBgn0283439
4518,FBgn0283451
4519,FBgn0283479
4520,FBgn0283480
4521,FBgn0283499
4522,FBgn0283500
4523,FBgn0283508
4524,FBgn0283521
4525,FBgn0283545
4526,FBgn0283560
4527,FBgn0283649
4528,FBgn0283651
4529,FBgn0283659
4530,FBgn0283666
4531,FBgn0283712
4532,FBgn0283728
4533,FBgn0284084
4534,FBgn0284243
4535,FBgn0284244
4536,FBgn0284249
4537,FBgn0284250
4538,FBgn0284254
4539,FBgn0284255
4540,FBgn0284421
4541,FBgn0284435
4542,FBgn0284444
4543,FBgn0285879
4544,FBgn0285910
4545,FBgn0285911
4546,FBgn0285944
4547,FBgn0285952
4548,FBgn0285954
4549,FBgn0285962
4550,FBgn0285991
4551,FBgn0285992
4552,FBgn0286029
4553,FBgn0286034
4554,FBgn0286042
4555,FBgn0286516
4556,FBgn0286740
4557,FBgn0286778
4558,FBgn0286782
4559,FBgn0286786
4560,FBgn0286809
4561,FBgn0286818
4562,FBgn0286827
4563,FBgn0286852
4564,FBgn0286875
4565,FBgn0286876
4566,FBgn0286877
4567,FBgn0286893
4568,N_multimapping
4569,N_noFeature
4570,N_unmapped
4571,FBgn0000044
4572,FBgn0000078
4573,FBgn0000079
4574,FBgn0000084
4575,FBgn0000115
4576,FBgn0000116
4577,FBgn0000299
4578,FBgn0000370
4579,FBgn0000422
4580,FBgn0000579
4581,FBgn0000667
4582,FBgn0001091
4583,FBgn0001092
4584,FBgn0001098
4585,FBgn0001134
4586,FBgn0001258
4587,FBgn0001285
4588,FBgn0001324
4589,FBgn0001491
4590,FBgn0001992
4591,FBgn0002578
4592,FBgn0002772
4593,FBgn0002773
4594,FBgn0002789
4595,FBgn0002869
4596,FBgn0003060
4597,FBgn0003141
4598,FBgn0003149
4599,FBgn0003206
4600,FBgn0003360
4601,FBgn0003366
4602,FBgn0003942
4603,FBgn0003950
4604,FBgn0004117
4605,FBgn0004169
4606,FBgn0004404
4607,FBgn0004507
4608,FBgn0004619
4609,FBgn0004782
4610,FBgn0004915
4611,FBgn0005670
4612,FBgn0005671
4613,FBgn0010038
4614,FBgn0010039
4615,FBgn0010040
4616,FBgn0010043
4617,FBgn0010240
4618,FBgn0010358
4619,FBgn0010397
4620,FBgn0010423
4621,FBgn0010612
4622,FBgn0010812
4623,FBgn0011455
4624,FBgn0011555
4625,FBgn0011582
4626,FBgn0011676
4627,FBgn0011722
4628,FBgn0011726
4629,FBgn0011769
4630,FBgn0013277
4631,FBgn0013278
4632,FBgn0013279
4633,FBgn0013972
4634,FBgn0013981
4635,FBgn0014391
4636,FBgn0014869
4637,FBgn0015039
4638,FBgn0015336
4639,FBgn0015946
4640,FBgn0019925
4641,FBgn0020637
4642,FBgn0020638
4643,FBgn0020765
4644,FBgn0021795
4645,FBgn0021967
4646,FBgn0022224
4647,FBgn0022770
4648,FBgn0023416
4649,FBgn0023458
4650,FBgn0023524
4651,FBgn0024897
4652,FBgn0024909
4653,FBgn0024944
4654,FBgn0024947
4655,FBgn0025620
4656,FBgn0025676
4657,FBgn0026088
4658,FBgn0026562
4659,FBgn0027527
4660,FBgn0027550
4661,FBgn0027621
4662,FBgn0027657
4663,FBgn0027785
4664,FBgn0028400
4665,FBgn0028481
4666,FBgn0028482
4667,FBgn0028499
4668,FBgn0028894
4669,FBgn0029719
4670,FBgn0029766
4671,FBgn0029825
4672,FBgn0029834
4673,FBgn0030073
4674,FBgn0030186
4675,FBgn0030258
4676,FBgn0030306
4677,FBgn0030310
4678,FBgn0030311
4679,FBgn0030412
4680,FBgn0030417
4681,FBgn0030443
4682,FBgn0030529
4683,FBgn0030539
4684,FBgn0030541
4685,FBgn0030559
4686,FBgn0030600
4687,FBgn0030613
4688,FBgn0030615
4689,FBgn0030674
4690,FBgn0030688
4691,FBgn0030694
4692,FBgn0030724
4693,FBgn0030895
4694,FBgn0030947
4695,FBgn0031034
4696,FBgn0031080
4697,FBgn0031249
4698,FBgn0031256
4699,FBgn0031275
4700,FBgn0031307
4701,FBgn0031322
4702,FBgn0031461
4703,FBgn0031470
4704,FBgn0031490
4705,FBgn0031670
4706,FBgn0031716
4707,FBgn0031737
4708,FBgn0031816
4709,FBgn0031908
4710,FBgn0032022
4711,FBgn0032023
4712,FBgn0032059
4713,FBgn0032144
4714,FBgn0032193
4715,FBgn0032242
4716,FBgn0032281
4717,FBgn0032282
4718,FBgn0032283
4719,FBgn0032285
4720,FBgn0032304
4721,FBgn0032401
4722,FBgn0032429
4723,FBgn0032509
4724,FBgn0032535
4725,FBgn0032685
4726,FBgn0032746
4727,FBgn0032773
4728,FBgn0032785
4729,FBgn0032797
4730,FBgn0032800
4731,FBgn0032824
4732,FBgn0033017
4733,FBgn0033132
4734,FBgn0033252
4735,FBgn0033529
4736,FBgn0033548
4737,FBgn0033600
4738,FBgn0033663
4739,FBgn0033691
4740,FBgn0033736
4741,FBgn0033760
4742,FBgn0033793
4743,FBgn0033826
4744,FBgn0033907
4745,FBgn0033945
4746,FBgn0033968
4747,FBgn0034010
4748,FBgn0034157
4749,FBgn0034197
4750,FBgn0034204
4751,FBgn0034390
4752,FBgn0034406
4753,FBgn0034429
4754,FBgn0034432
4755,FBgn0034440
4756,FBgn0034468
4757,FBgn0034567
4758,FBgn0034712
4759,FBgn0034819
4760,FBgn0034828
4761,FBgn0034911
4762,FBgn0034988
4763,FBgn0035006
4764,FBgn0035077
4765,FBgn0035154
4766,FBgn0035234
4767,FBgn0035257
4768,FBgn0035390
4769,FBgn0035427
4770,FBgn0035452
4771,FBgn0035482
4772,FBgn0035534
4773,FBgn0035545
4774,FBgn0035582
4775,FBgn0035669
4776,FBgn0035675
4777,FBgn0035742
4778,FBgn0035798
4779,FBgn0035904
4780,FBgn0035906
4781,FBgn0035926
4782,FBgn0036090
4783,FBgn0036107
4784,FBgn0036109
4785,FBgn0036258
4786,FBgn0036377
4787,FBgn0036406
4788,FBgn0036468
4789,FBgn0036469
4790,FBgn0036527
4791,FBgn0036551
4792,FBgn0036600
4793,FBgn0036679
4794,FBgn0036725
4795,FBgn0036772
4796,FBgn0036782
4797,FBgn0036820
4798,FBgn0036851
4799,FBgn0036918
4800,FBgn0036935
4801,FBgn0036984
4802,FBgn0036998
4803,FBgn0037050
4804,FBgn0037067
4805,FBgn0037069
4806,FBgn0037122
4807,FBgn0037163
4808,FBgn0037295
4809,FBgn0037378
4810,FBgn0037420
4811,FBgn0037430
4812,FBgn0037670
4813,FBgn0037686
4814,FBgn0037690
4815,FBgn0037780
4816,FBgn0037908
4817,FBgn0037996
4818,FBgn0038009
4819,FBgn0038045
4820,FBgn0038348
4821,FBgn0038394
4822,FBgn0038435
4823,FBgn0038439
4824,FBgn0038447
4825,FBgn0038582
4826,FBgn0038693
4827,FBgn0038719
4828,FBgn0038774
4829,FBgn0038804
4830,FBgn0038845
4831,FBgn0038849
4832,FBgn0038866
4833,FBgn0038876
4834,FBgn0038894
4835,FBgn0038973
4836,FBgn0039006
4837,FBgn0039031
4838,FBgn0039091
4839,FBgn0039239
4840,FBgn0039434
4841,FBgn0039482
4842,FBgn0039530
4843,FBgn0039536
4844,FBgn0039613
4845,FBgn0039617
4846,FBgn0039689
4847,FBgn0039719
4848,FBgn0039764
4849,FBgn0039798
4850,FBgn0039851
4851,FBgn0039938
4852,FBgn0040104
4853,FBgn0040262
4854,FBgn0040348
4855,FBgn0040364
4856,FBgn0040529
4857,FBgn0040609
4858,FBgn0040623
4859,FBgn0040764
4860,FBgn0040786
4861,FBgn0040923
4862,FBgn0040958
4863,FBgn0041183
4864,FBgn0041194
4865,FBgn0041789
4866,FBgn0042102
4867,FBgn0042125
4868,FBgn0042185
4869,FBgn0042206
4870,FBgn0042213
4871,FBgn0044328
4872,FBgn0046875
4873,FBgn0050163
4874,FBgn0050196
4875,FBgn0050289
4876,FBgn0050295
4877,FBgn0050394
4878,FBgn0050411
4879,FBgn0050457
4880,FBgn0051198
4881,FBgn0051233
4882,FBgn0051463
4883,FBgn0051690
4884,FBgn0051792
4885,FBgn0051814
4886,FBgn0051997
4887,FBgn0052073
4888,FBgn0052185
4889,FBgn0052225
4890,FBgn0052227
4891,FBgn0052304
4892,FBgn0052432
4893,FBgn0052451
4894,FBgn0052499
4895,FBgn0052544
4896,FBgn0052564
4897,FBgn0052571
4898,FBgn0052603
4899,FBgn0052633
4900,FBgn0052668
4901,FBgn0052686
4902,FBgn0052792
4903,FBgn0053303
4904,FBgn0053459
4905,FBgn0053468
4906,FBgn0053512
4907,FBgn0053517
4908,FBgn0053914
4909,FBgn0053978
4910,FBgn0061469
4911,FBgn0066084
4912,FBgn0083962
4913,FBgn0085257
4914,FBgn0085271
4915,FBgn0085320
4916,FBgn0085334
4917,FBgn0085386
4918,FBgn0085413
4919,FBgn0085420
4920,FBgn0085422
4921,FBgn0085433
4922,FBgn0085437
4923,FBgn0085447
4924,FBgn0085474
4925,FBgn0086254
4926,FBgn0086355
4927,FBgn0086519
4928,FBgn0086611
4929,FBgn0086784
4930,FBgn0087002
4931,FBgn0087012
4932,FBgn0250836
4933,FBgn0250838
4934,FBgn0259162
4935,FBgn0259171
4936,FBgn0259209
4937,FBgn0259230
4938,FBgn0259231
4939,FBgn0259245
4940,FBgn0259878
4941,FBgn0261041
4942,FBgn0261046
4943,FBgn0261260
4944,FBgn0261341
4945,FBgn0261393
4946,FBgn0261563
4947,FBgn0261596
4948,FBgn0261862
4949,FBgn0261871
4950,FBgn0262146
4951,FBgn0262515
4952,FBgn0262531
4953,FBgn0262622
4954,FBgn0262683
4955,FBgn0262721
4956,FBgn0263106
4957,FBgn0263455
4958,FBgn0263620
4959,FBgn0264339
4960,FBgn0264381
4961,FBgn0264447
4962,FBgn0264753
4963,FBgn0264832
4964,FBgn0265002
4965,FBgn0265101
4966,FBgn0265180
4967,FBgn0265185
4968,FBgn0265186
4969,FBgn0265447
4970,FBgn0265540
4971,FBgn0265577
4972,FBgn0265803
4973,FBgn0266027
4974,FBgn0266072
4975,FBgn0266312
4976,FBgn0266356
4977,FBgn0266361
4978,FBgn0266750
4979,FBgn0266787
4980,FBgn0266798
4981,FBgn0266946
4982,FBgn0267002
4983,FBgn0267022
4984,FBgn0267074
4985,FBgn0267078
4986,FBgn0267431
4987,FBgn0267712
4988,FBgn0267721
4989,FBgn0283471
4990,FBgn0284248
4991,FBgn0286203